Wiek,Adres,Wzrost,Waga,ImiÄ™,Nazwisko,BMI
53.0,"USNV Rodgers
FPO AP 34043",151.0,110.0,Christina,Campbell,48.243498092188936
84.0,"75533 Owen Freeway Suite 009
Millerchester, TN 52303",152.0,110.0,James,Hunt,47.61080332409972
79.0,"38343 Archer Flats Suite 089
Kimberlyburgh, SD 09158",152.0,110.0,Taylor,Kim,47.61080332409972
42.0,"61920 Mcdaniel Springs Suite 524
East Kellyton, MD 88594",150.0,107.0,Aaron,Martinez,47.55555555555556
74.0,"0029 Ryan Extension Suite 443
New Denisetown, NJ 79984",150.0,106.0,unknown,unknown,47.111111111111114
62.0,"022 Scott Shore
East Jonfurt, NE 29519",153.0,108.0,Andrew,Durham,46.1361014994233
89.0,"5040 Scott Manors Suite 626
South Jeffrey, NC 60409",155.0,110.0,Brandon,Warren,45.785639958376684
62.0,"81010 Grant Course Suite 843
Lake Patrick, NV 93347",153.0,107.0,Douglas,Davis,45.70891537442864
60.0,"PSC 9357, Box 5095
APO AP 27848",154.0,108.0,Lauren,Phillips,45.53887670770788
48.0,"53379 Adams Centers
Charlesville, WV 59064",150.0,102.0,Alexandria,Choi,45.333333333333336
52.0,"2977 Victoria Park Apt. 235
South Dorothyfurt, NM 33249",151.0,102.0,Regina,Wells,44.734880049120655
46.0,"312 Perkins Lakes Apt. 930
New Williamville, FM 01049",157.0,110.0,Robert,Williams,44.62655685829039
29.0,"Unit 7265 Box 7287
DPO AP 95982",157.0,110.0,Robert,Ford,44.62655685829039
50.0,"76571 Kirsten Key
North Regina, MI 90990",152.0,100.0,Kevin,Stevenson,43.282548476454295
20.0,"97555 Cox Brook
West Joannhaven, HI 01728",159.0,109.0,Kelly,Johnston,43.11538309402317
78.0,"54349 Williams Glens Apt. 720
Taylorfurt, MS 53421",156.0,104.0,Kimberly,Allen,42.73504273504273
55.0,"PSC 1981, Box 4695
APO AE 58802",153.0,100.0,John,Wilkins,42.71861249946602
24.0,"6771 Robles Mountain Suite 015
Sandovalton, WA 90915",150.0,96.0,Elaine,Miller,42.666666666666664
31.0,"889 Crawford Light Apt. 895
Youngberg, KY 82905",158.0,105.0,John,Cummings,42.06056721679217
85.0,unknown,155.0,101.0,Stephanie,Casey,42.039542143600414
49.0,unknown,150.0,94.0,unknown,unknown,41.77777777777778
62.0,"8469 John Points
New Lisa, MN 65267",157.0,102.0,Paul,Morgan,41.380989086778364
49.0,"18694 Christine Flats
Robertborough, MT 12451",154.0,98.0,Gina,Dyer,41.32231404958678
26.0,"531 Henry Flat Suite 570
Heathertown, PA 79861",151.0,94.0,Erin,Martin,41.226262006052366
73.0,"USNS Morales
FPO AP 29344",155.0,99.0,Shawn,Harris,41.207075962539015
54.0,"33836 Stephen Corner Apt. 728
New Stephanieborough, ID 21405",159.0,104.0,Christian,Ball,41.13761322732486
82.0,unknown,158.0,101.0,Dylan,Martinez,40.45825989424771
20.0,"665 Daniel Port
Lake Yvette, SD 58135",151.0,92.0,unknown,unknown,40.349107495285295
60.0,"27936 Cynthia Track Apt. 804
Leblancview, DE 08069",163.0,107.0,Robert,Davis,40.27249802401295
97.0,"7498 Michael Estate
South James, NY 44975",161.0,104.0,Madeline,Price,40.121908876972334
46.0,"4953 Mcdonald Freeway
Rebeccamouth, SC 96552",150.0,90.0,Christina,Hill,40.0
25.0,"96137 Villa Ford
Lawrenceside, OR 93134",166.0,110.0,Zachary,Rivas,39.918710988532446
62.0,"02180 Keith Point Apt. 709
Ronaldbury, FM 14749",163.0,106.0,Amy,Fisher,39.89611953780722
77.0,"366 Mclaughlin Pass
Millerville, SD 48534",160.0,102.0,Tina,Martinez,39.84374999999999
99.0,unknown,165.0,108.0,unknown,unknown,39.66942148760331
41.0,"Unit 1886 Box 2847
DPO AA 14838",166.0,109.0,Tyler,Ward,39.55581361590942
47.0,"1074 Carl Isle
Kellyfort, TX 43249",150.0,89.0,Daniel,Dixon,39.55555555555556
90.0,"Unit 8292 Box 3390
DPO AE 37592",150.0,89.0,Nicole,Harris,39.55555555555556
40.0,"5116 Ellis Circles Apt. 851
Brittanyport, TN 07446",150.0,89.0,Melissa,Spencer,39.55555555555556
98.0,"Unit 8026 Box 9997
DPO AP 42419",150.0,89.0,Thomas,Williams,39.55555555555556
68.0,"1862 Michael Harbor Apt. 130
West Joelview, OR 85413",155.0,95.0,unknown,unknown,39.54214360041623
73.0,unknown,151.0,90.0,Timothy,Burns,39.471952984518225
51.0,"92764 Oscar Path
Alexandrafort, VT 27917",164.0,106.0,Diana,Craig,39.41106484235575
62.0,"606 Don Vista
East Jerryport, CO 66723",158.0,98.0,Michael,West,39.25652940233936
97.0,"21225 Parks Ranch
Sierrahaven, AR 69912",159.0,99.0,unknown,unknown,39.15984336062655
29.0,unknown,164.0,105.0,Carolyn,Mooney,39.03926234384296
70.0,unknown,157.0,96.0,Heather,Brooks,38.946813258144346
41.0,unknown,150.0,87.0,Savannah,King,38.666666666666664
28.0,"PSC 1015, Box 4753
APO AE 74380",156.0,94.0,unknown,unknown,38.62590401051939
86.0,"PSC 8927, Box 5022
APO AA 08744",168.0,109.0,Dennis,Hays,38.619614512471664
53.0,"2535 Evans Center Apt. 821
Henryport, VA 04610",165.0,105.0,unknown,unknown,38.567493112947666
30.0,"92765 Buckley Stream
New Timothyton, AR 84690",152.0,89.0,unknown,unknown,38.52146814404432
62.0,"32966 Gary Unions
Port Angela, LA 94437",153.0,90.0,William,Melton,38.446751249519416
52.0,"Unit 3158 Box 2998
DPO AE 80191",168.0,108.0,Alexis,Goodwin,38.26530612244898
85.0,"21256 Jose Ford Apt. 280
Owensland, MD 58950",151.0,87.0,Pamela,Booker,38.15622121836761
29.0,"175 Nolan Terrace Apt. 721
West Scott, FL 36596",157.0,94.0,Barbara,Thompson,38.135421315266335
69.0,"31406 Thompson Islands Suite 198
Port Gabrielamouth, AL 46876",158.0,95.0,Amy,Rosales,38.05479891043102
84.0,"875 Ashley Lights
Kevinburgh, DE 24411",153.0,89.0,Erika,Castillo,38.01956512452475
78.0,"153 Meghan Knolls
Lake Christina, NM 29287",161.0,98.0,unknown,unknown,37.80718336483932
23.0,"947 Ewing Junctions Apt. 240
Lindaville, ID 18794",162.0,99.0,Bobby,Sanchez,37.722908093278456
24.0,"3488 Young Junction
Anthonyhaven, ID 04615",151.0,86.0,Ian,Johnson,37.71764396298408
79.0,unknown,151.0,86.0,Nicole,Rodriguez,37.71764396298408
62.0,"15107 Jacobs Drives Suite 327
South Kenneth, MO 10526",170.0,109.0,Calvin,Montgomery,37.71626297577855
99.0,"5523 Seth Plains
Melissaburgh, MN 17044",163.0,100.0,Haley,Burgess,37.63784862057285
100.0,"996 Lane Rest
Williamside, UT 97506",153.0,88.0,Nathaniel,Williams,37.5923789995301
78.0,"543 Kerr Greens Suite 951
Bellfort, CO 31243",154.0,89.0,Christopher,Ortiz,37.52740765727779
62.0,"43806 John Plaza Suite 236
South Donald, NH 81861",165.0,102.0,Kathryn,Williams,37.46556473829202
62.0,"94248 Gonzalez Row
Port Scott, NE 08333",155.0,90.0,Douglas,White,37.460978147762745
62.0,"5814 Brewer River Suite 192
Murphyberg, MT 38717",166.0,103.0,Amy,Zimmerman,37.37842938017129
28.0,"9712 Samuel Lake Apt. 261
Gregorystad, PR 30766",157.0,92.0,Kelly,Owens,37.32402937238833
99.0,"4370 Barr Glen Suite 592
New Tiffanyport, NE 97509",153.0,87.0,Clinton,Dixon,37.165192874535435
88.0,"305 Jeff Causeway
Glendatown, NM 98024",160.0,95.0,Jessica,Carter,37.10937499999999
62.0,"37421 Jane Fort Suite 361
New Lindaville, WY 43092",170.0,107.0,Michelle,Nichols,37.024221453287204
32.0,"885 Meyers Summit Suite 308
Nealchester, WY 42197",167.0,103.0,Latoya,Chavez,36.9321237763993
54.0,"958 Phillips Corner
Triciamouth, ID 42180",163.0,98.0,Lucas,Baldwin,36.88509164816139
56.0,"936 Victoria Hill Suite 791
Lake Erin, KY 80857",153.0,86.0,Whitney,Shepard,36.73800674954077
96.0,"059 Nicole Gardens
Fitzgeraldside, SC 90397",160.0,94.0,Cynthia,Dickson,36.71874999999999
88.0,"018 Karen Brook Apt. 614
New William, ID 88479",170.0,106.0,Gabriel,Oliver,36.67820069204153
84.0,unknown,167.0,102.0,Rebecca,Brown,36.57355946789057
96.0,"75819 Sonya Crest
Ramirezchester, PA 04666",159.0,92.0,Shari,Jensen,36.39096554724892
94.0,"04165 Ryan Glen
South Nancystad, LA 25329",152.0,84.0,Kevin,Carr,36.35734072022161
59.0,"Unit 3491 Box 7944
DPO AP 18074",153.0,85.0,Jason,Washington,36.31082062454612
85.0,"25999 Gutierrez Rapid
Port Paulaview, PR 08002",154.0,86.0,Daniel,Wang,36.26243885984146
97.0,"70354 Thomas Turnpike
New Clintonside, OK 20219",168.0,102.0,Elizabeth,Wolf,36.13945578231293
32.0,"324 Michael Row Suite 341
Dianemouth, CT 52791",174.53056768558952,110.0,unknown,unknown,36.11184540932972
53.0,unknown,157.0,89.0,Robert,Gutierrez,36.10694145807132
32.0,"0494 Zachary Mountain
Port Staceyview, VT 20140",165.0,98.0,Shelby,Erickson,35.99632690541782
99.0,"553 Keith Prairie Suite 106
East Raymondfort, PW 01131",159.0,91.0,Lorraine,Nixon,35.99541157390926
82.0,"681 Sarah Pine Apt. 416
South Anthonyborough, KY 37252",171.0,105.0,Benjamin,Phillips,35.90848466194727
64.0,"34907 Gabriel Greens
Collierburgh, UT 91278",161.0,93.0,Karen,Montgomery,35.878245438061796
76.0,unknown,167.0,100.0,Mike,Dennis,35.8564308508731
54.0,"71274 Lopez Circle
Meyersside, MI 34496",156.0,87.0,Michael,Mcconnell,35.74950690335305
62.0,"555 Fletcher Station Apt. 470
Port Lindafort, NV 92462",165.0,97.0,Steven,Lee,35.62901744719927
64.0,unknown,150.0,80.0,Kristen,Davis,35.55555555555556
84.0,"018 Courtney Lock
West Steve, WA 30387",167.0,99.0,Leah,Robinson,35.49786654236437
96.0,"33447 Brady Knoll Suite 959
New Jasonstad, WI 89686",161.0,92.0,Jeffrey,Moore,35.492457852706295
62.0,"61335 Mora Turnpike Suite 558
Edwardview, VT 52332",172.0,105.0,Nicholas,Beasley,35.49215792320173
46.0,"7768 Simpson Mountains
New Ryan, NM 18312",174.53056768558952,108.0,David,Walker,35.45526640188736
65.0,"429 Guerra Manors Suite 400
Port Erikaburgh, WI 50715",174.53056768558952,108.0,Denise,Mccoy,35.45526640188736
71.0,"9771 Dakota Plains Apt. 678
Alejandraburgh, AR 35105",168.0,100.0,Valerie,Padilla,35.43083900226758
29.0,"39275 Karen Lane
North Billy, CT 77433",173.0,106.0,Laura,Kim,35.41715393096996
62.0,"612 Joann Locks Suite 911
South Seth, VI 54712",173.0,106.0,Jose,Hill,35.41715393096996
96.0,"USNS Stewart
FPO AA 40795",157.0,87.0,Denise,Wise,35.295549515193315
89.0,"4249 Monica Landing
West Sophiabury, MP 40931",170.0,102.0,Scott,Wilkins,35.294117647058826
73.0,"264 Ellen Turnpike
Bowersville, WY 22989",175.0,108.0,Mikayla,Simpson,35.265306122448976
76.0,"PSC 4438, Box 7348
APO AP 25776",158.0,88.0,Adrienne,Mcdonald,35.250761095978206
73.0,unknown,160.0,90.0,George,Lowery,35.15624999999999
97.0,"24431 Sandra Mall Apt. 142
North Craigchester, ME 72237",160.0,90.0,unknown,unknown,35.15624999999999
82.0,"458 Breanna Estate
North Jessicabury, FL 98503",174.53056768558952,107.0,Rebecca,Pham,35.12697689816618
71.0,"984 Roberts Squares
East Heathermouth, VT 99088",173.0,105.0,unknown,unknown,35.083029837281565
52.0,"2103 Johnson Mission
East Cynthiabury, PW 36249",173.0,105.0,Randy,Solis,35.083029837281565
62.0,"Unit 5191 Box 8596
DPO AP 98239",173.0,105.0,Michael,Scott,35.083029837281565
46.0,"4020 Bethany Ports Suite 015
Nancytown, ND 30958",168.0,99.0,unknown,unknown,35.0765306122449
94.0,unknown,154.0,83.0,unknown,unknown,34.99747006240513
97.0,"9871 Amanda Island Suite 462
New Daniel, PR 05080",154.0,83.0,Sergio,Gonzales,34.99747006240513
25.0,"4916 Pamela Mills Apt. 601
Faulknerview, CT 79819",164.0,94.0,Margaret,Fletcher,34.94943486020227
70.0,"9335 Evan Ramp Suite 801
Lake Lauraburgh, MN 23195",165.0,95.0,William,Miller,34.894398530762174
53.0,"4026 Jonathon Flat Suite 496
North Jessicaland, MT 44970",176.0,108.0,Kyle,Flores,34.86570247933884
21.0,"523 Rodriguez Courts Suite 766
Jacobsport, AL 69790",166.0,96.0,Richard,Smith,34.838147771810135
80.0,"224 Theresa Lights
South Codyside, WY 89689",166.0,96.0,Anna,Morris,34.838147771810135
78.0,"68717 Jennifer Ford
Douglastown, AS 08800",174.53056768558952,106.0,Karen,Knight,34.798687394445
65.0,"42944 Hamilton Causeway Apt. 806
Port Jenniferfurt, GA 18109",174.53056768558952,106.0,Maria,Reed,34.798687394445
73.0,"86103 Barbara Ferry
Benjaminburgh, TX 05295",177.0,109.0,James,Guerrero,34.79204570844904
88.0,"USNV Kennedy
FPO AA 72262",167.0,97.0,Sara,Burns,34.78073792534691
71.0,"9267 Casey Route
West Anthonystad, MN 46489",160.0,89.0,Stacy,Santana,34.76562499999999
63.0,unknown,173.0,104.0,Thomas,Collins,34.74890574359317
53.0,unknown,178.0,110.0,Karen,Flores,34.71783865673526
62.0,"654 Rachel Key Suite 522
Sawyerhaven, ND 82140",174.0,105.0,Amanda,Mata,34.68093539437178
39.0,"PSC 9381, Box 6012
APO AA 75470",150.0,78.0,unknown,unknown,34.666666666666664
32.0,"0936 Duane Road
Rodgershaven, IN 60631",166.0,95.0,Autumn,Harrison,34.47525039918711
34.0,"90854 Amber Glens
Mccartystad, MH 32586",166.0,95.0,Michael,Davidson,34.47525039918711
44.0,"23392 Elizabeth Meadow Suite 433
Shannonville, DE 41723",174.53056768558952,105.0,Emily,Hardin,34.470397890723824
85.0,"240 Weiss Plaza Suite 407
Gregorymouth, WA 11208",159.0,87.0,David,Huang,34.41319568055061
81.0,"685 Jesse Fall
East Steven, NE 48312",178.0,109.0,Jasmin,Ray,34.40222194167403
82.0,"5700 Schneider Prairie Apt. 375
Washingtonburgh, VT 25081",178.0,109.0,Calvin,Johnson,34.40222194167403
48.0,"3300 Mitchell Summit Suite 931
Port David, CA 91270",160.0,88.0,Troy,Hurley,34.37499999999999
27.0,unknown,162.0,90.0,Francis,Cabrera,34.293552812071326
58.0,"9478 Patricia Burg Suite 392
Lake Marc, OH 78674",175.0,105.0,Corey,Rowland,34.285714285714285
46.0,"63001 Wang Locks
Kellyport, OK 03514",174.53056768558952,104.0,Todd,Young,34.142108387002644
62.0,"83918 Pace Groves Suite 522
West Jessicamouth, WV 32059",174.53056768558952,104.0,Crystal,Huynh,34.142108387002644
74.0,"838 Garrett Hollow
East Scott, OK 70667",174.53056768558952,104.0,Wendy,Rivera,34.142108387002644
20.0,"Unit 8797 Box 7722
DPO AA 86599",167.0,95.0,Angela,Curtis,34.06360930832945
80.0,"177 Olsen Village
Port Patrickland, ME 82169",179.0,109.0,Mark,Schultz,34.01891326737618
62.0,"PSC 9363, Box 1070
APO AA 22870",159.0,86.0,Candace,Ramsey,34.01764170721095
95.0,"98794 Valentine Ways
Lake Samantha, VT 74584",160.0,87.0,Courtney,Flores,33.98437499999999
67.0,"4704 Young Junctions Suite 918
New Sarahside, NV 69126",170.0,98.0,Kathryn,Carter,33.91003460207613
34.0,"65346 Andrew Course
South Amanda, NV 94631",171.0,99.0,Timothy,Brady,33.856571252693136
51.0,unknown,174.53056768558952,103.0,Evelyn,White,33.81381888328146
98.0,"Unit 8122 Box 9070
DPO AE 97920",172.0,100.0,Danny,Collins,33.802055164954034
83.0,"4527 Robertson Landing
South Julie, AK 46289",172.0,100.0,Javier,Adkins,33.802055164954034
59.0,"0326 Thomas Turnpike Apt. 935
West Johnton, AK 94818",153.0,79.0,Cynthia,Allen,33.74770387457816
20.0,"44717 Ralph Wells Suite 180
Rachelchester, MI 99213",173.0,101.0,Christopher,Kelley,33.746533462527985
98.0,"112 Amy Creek
East Mark, TX 61559",167.0,94.0,Ryan,Smith,33.70504499982072
98.0,"3583 Allen Burg
Jonesfort, NM 39713",174.0,102.0,unknown,unknown,33.69005152596116
46.0,"057 Luke Hollow Apt. 044
Danielsfort, KS 40636",170.0,97.0,unknown,unknown,33.564013840830455
66.0,"10407 Ashley Meadow Suite 800
Spencerhaven, HI 92542",163.0,89.0,Melanie,Stevens,33.49768527230984
65.0,unknown,163.0,89.0,Lindsay,Wilson,33.49768527230984
33.0,"74881 Lopez Creek
West Meganfurt, MO 70749",163.0,89.0,Victor,Pierce,33.49768527230984
83.0,"0100 Nicholas Manors
West Janice, AL 75367",174.53056768558952,102.0,Scott,Turner,33.48552937956028
83.0,"111 Smith Parks
Cooperfurt, WI 42817",179.0,107.0,Latoya,Padilla,33.39471302393808
49.0,"443 Olson Harbor
Sotoshire, HI 59260",180.0,108.0,Anthony,Jackson,33.33333333333333
35.0,"86325 Hill Drive Suite 994
Fieldsshire, VT 28520",151.0,76.0,Shannon,Olson,33.33187140914872
45.0,unknown,154.0,79.0,Caleb,Mcguire,33.310844999156686
97.0,"946 Cassandra Green Suite 231
East Renee, MA 44010",150.0,74.93458980044346,Stephanie,Meyers,33.30426213353043
78.0,"6951 Harrington Union Suite 995
Port Teresa, FL 70207",150.0,74.93458980044346,Alejandra,Smith,33.30426213353043
34.0,"223 Laura Lock Apt. 730
West Isaac, ME 17702",169.0,95.0,unknown,unknown,33.2621406813487
40.0,"537 Zamora Roads Apt. 258
Port Mike, HI 44521",176.0,103.0,Jonathan,Tran,33.25154958677686
28.0,"53662 Cassandra Prairie Apt. 442
East Jeffrey, PR 06199",174.53056768558952,101.0,Jennifer,Watkins,33.1572398758391
97.0,"3128 Thomas Harbor Suite 094
Christophermouth, VA 47881",174.53056768558952,101.0,Thomas,Compton,33.1572398758391
57.0,"USS Graves
FPO AP 77377",174.53056768558952,101.0,Monica,Hubbard,33.1572398758391
26.0,unknown,178.0,105.0,Joseph,Gonzalez,33.13975508142911
83.0,"67006 Lindsey Walks Apt. 946
East Michaelfurt, CT 22728",163.0,88.0,Jennifer,Mcbride,33.12130678610411
47.0,"8337 Schmidt Avenue Suite 668
North Christopher, ND 71490",179.0,106.0,Jordan,Wilson,33.08261290221903
39.0,"793 Brown Trail Apt. 534
Shaneview, WA 65009",166.0,91.0,Brandi,Swanson,33.02366090869502
29.0,"045 Christopher Road
Mooreland, OK 93619",167.0,92.0,Adam,Salas,32.987916382803256
30.0,"466 Tim Ramp Suite 450
Armstrongburgh, FL 90886",151.0,74.93458980044346,Melissa,Smith,32.86460672796959
20.0,"668 Thomas Circle Apt. 404
Beltranfurt, MP 90174",174.53056768558952,100.0,James,Pham,32.82895037211792
30.0,"63557 Green Knoll Apt. 395
Randyshire, OH 23265",174.53056768558952,100.0,Paul,Edwards,32.82895037211792
78.0,"PSC 8630, Box 6176
APO AE 56694",174.53056768558952,100.0,Sabrina,Castillo,32.82895037211792
62.0,"11054 Scott Pass
North Robert, MD 33722",178.0,104.0,Jacqueline,Reeves,32.82413836636788
81.0,"1170 Lori Road Apt. 206
Danaville, HI 35373",161.0,85.0,Willie,Whitehead,32.79194475521777
24.0,"370 Fuller Lodge
Carriemouth, IL 91156",163.0,87.0,unknown,unknown,32.74492829989838
63.0,unknown,180.0,106.0,Richard,Todd,32.716049382716044
55.0,"649 Knight Stream Apt. 113
South Sandra, MI 48905",176.0,101.0,Julie,Martin,32.60588842975207
57.0,"83356 Long Passage Suite 406
Santoston, NE 86564",177.0,102.0,Michael,Flynn,32.557694149190844
66.0,"0696 Christine Burg
Hensleyhaven, TN 69450",170.0,94.0,Katherine,Coleman,32.52595155709343
86.0,"931 Choi Ferry
Daniellemouth, OR 72238",174.53056768558952,99.0,Adrienne,Allen,32.50066086839674
99.0,"447 Sarah Creek
South Julia, DC 04531",174.53056768558952,99.0,Bob,Mcneil,32.50066086839674
47.0,"653 Kyle Oval
Davidchester, FL 21126",174.53056768558952,99.0,Jack,Norris,32.50066086839674
75.0,"997 Bradford Port
Sabrinahaven, OR 96701",184.0,110.0,Carrie,Morgan,32.49054820415879
100.0,"852 Norton Forks Suite 731
Paulmouth, OH 64119",184.0,110.0,unknown,unknown,32.49054820415879
50.0,"51938 Beard Bridge
Port Markville, GA 80604",152.0,75.0,Melissa,Santiago,32.46191135734072
43.0,"1171 Melissa Village Apt. 322
Lake Tracy, NV 43617",152.0,75.0,Nicole,Collins,32.46191135734072
68.0,"16810 Jimmy Fords Suite 069
East Ashley, MD 32798",179.0,104.0,Christopher,Jensen,32.45841265878094
70.0,unknown,172.0,96.0,Thomas,Rios,32.44997295835587
54.0,"2765 Justin Orchard Apt. 150
South Gabriel, LA 60304",172.0,96.0,Jason,Smith,32.44997295835587
42.0,"0386 Rachel Loaf Apt. 839
Port Davidside, FM 93430",159.0,82.0,Ryan,Cochran,32.4354258138523
46.0,"13023 Alexis Well Suite 497
Nathanielmouth, SC 83583",152.0,74.93458980044346,Marc,Stephens,32.43360015600911
72.0,"8073 Rodriguez Harbors Suite 516
Stephanieside, TN 44157",152.0,74.93458980044346,Zachary,Russell,32.43360015600911
43.0,"40009 Nelson Tunnel
Gilbertville, NE 50239",152.0,74.93458980044346,Darren,Goodwin,32.43360015600911
21.0,"PSC 2761, Box 5429
APO AP 42838",160.0,83.0,Tracey,Martin,32.42187499999999
62.0,"655 Kathryn Parkways
West Matthew, AL 94673",174.0,98.0,Mathew,Fowler,32.368873034747
88.0,"694 Norton Way
East Amytown, NH 14632",163.0,86.0,Raymond,Cain,32.36854981369265
80.0,"4455 Heather Fort Apt. 360
Edwardbury, SD 33523",183.0,108.0,unknown,unknown,32.249395323837675
43.0,"066 Nicole Extensions
Martinstad, HI 91424",179.0,103.0,Angela,Dixon,32.14631253706189
40.0,unknown,157.0,79.0,Cheyenne,Watson,32.049981743681286
62.0,unknown,154.0,76.0,Christopher,Rodriguez,32.04587620172036
22.0,"9797 Whitehead Springs Apt. 214
Randymouth, DE 17229",153.0,75.0,unknown,unknown,32.038959374599514
32.0,"600 Evans Inlet
Troytown, MO 80813",153.0,74.93458980044346,Laura,Tucker,32.011017044915825
32.0,"145 Barrett Isle
Karenton, DE 83972",153.0,74.93458980044346,unknown,unknown,32.011017044915825
54.0,"PSC 4296, Box 9593
APO AP 99914",162.0,84.0,Jay,Garrett,32.00731595793324
71.0,"347 Morris Row
South Warrenmouth, NH 41813",177.0,100.0,Kristine,Garrett,31.91930798940279
50.0,"04354 Keith Parkways
Joshuaberg, NY 77801",174.53056768558952,97.0,unknown,unknown,31.844081860954386
34.0,"579 Devon Locks
Villarrealtown, PR 17831",174.53056768558952,97.0,Jonathan,Johnson,31.844081860954386
62.0,"956 Alexis Tunnel Suite 485
Fernandoview, NJ 15294",174.53056768558952,97.0,Sandra,Brown,31.844081860954386
62.0,unknown,171.0,93.0,Joshua,Hernandez,31.80465784343901
57.0,"62670 Vega Dam
Danieltown, WY 02295",172.0,94.0,James,Turner,31.77393185505679
66.0,"955 William Point
Scotthaven, MI 80710",173.0,95.0,Thomas,Morrison,31.741788900397605
72.0,"4126 Patrick Canyon
Smithside, SD 59399",161.0,82.0,Aaron,Singleton,31.634581999151262
47.0,"6072 Douglas Cape
New Samuel, TN 54618",154.0,74.93458980044346,Heather,Hudson,31.596639315417214
77.0,"2163 Crystal Valleys Suite 075
West Tyler, FM 83431",165.0,86.0,Jose,Roberts,31.58861340679523
39.0,"Unit 9725 Box 9653
DPO AE 62441",165.0,86.0,Jay,Osborne,31.58861340679523
83.0,"087 Ross Rest Apt. 212
Port Brookeborough, SD 80512",174.53056768558952,96.0,Michelle,Cohen,31.515792357233206
38.0,unknown,170.0,91.0,Thomas,Williams,31.487889273356405
59.0,"94685 Morgan Cliffs
Cherylville, NY 26608",184.0,106.0,David,Thomas,31.30907372400756
66.0,"USNV Davila
FPO AA 44989",159.0,79.0,unknown,unknown,31.24876389383331
82.0,"98873 Hernandez Center Apt. 182
Rodriguezport, MS 31732",159.0,79.0,Jeffrey,Williams,31.24876389383331
62.0,"66678 Lane Ridges Apt. 799
Lake Alexis, VA 63892",156.0,76.0,Doris,Castro,31.22945430637738
21.0,"6385 Barbara Isle
Williamland, WA 51761",155.0,74.93458980044346,Jose,Johnson,31.190255900288637
53.0,unknown,155.0,74.93458980044346,Glenda,Mcdonald,31.190255900288637
94.0,"725 Jeffrey Cape Suite 424
Harveybury, GU 67336",155.0,74.93458980044346,unknown,unknown,31.190255900288637
75.0,"Unit 3828 Box 7681
DPO AE 60463",174.53056768558952,95.0,Victor,Mitchell,31.18750285351203
76.0,"46117 Walker Motorway Apt. 874
South Cody, TN 20574",174.53056768558952,95.0,Amanda,Chapman,31.18750285351203
63.0,"897 Emily Shores Apt. 877
Davidfurt, MI 70668",174.53056768558952,95.0,Alexa,Alvarez,31.18750285351203
74.0,"08516 Rachael Burg Apt. 020
South Bradleyhaven, WV 01255",168.0,88.0,unknown,unknown,31.17913832199547
84.0,"653 Jenkins Greens
North Devin, GU 07740",168.0,88.0,Alan,Phillips,31.17913832199547
92.0,"607 Cody Rue
Bowerschester, WY 98524",152.0,72.0,Debbie,Parsons,31.16343490304709
62.0,"1399 Jeremy Locks Suite 677
West Peter, NH 93065",151.0,71.0,Kurt,Miller,31.138985132231042
61.0,"67165 Ellis Turnpike
Oconnellborough, NY 28606",173.0,93.0,unknown,unknown,31.073540713020815
27.0,"0744 John Viaduct Suite 244
Jeffreyfurt, NY 21219",175.0,95.0,unknown,unknown,31.020408163265305
62.0,"033 Sarah Grove Suite 685
Port Kenneth, AL 74882",177.0,97.0,Sandra,Leblanc,30.961728749720702
88.0,"509 Taylor Ridge
North Josephside, PR 62878",164.0,83.0,Anna,Kelly,30.859607376561577
74.0,"435 Crystal Corner
Rogerstad, AK 61586",156.0,75.0,Ann,Trujillo,30.818540433925047
30.0,"469 Morrison Lane
Ryanmouth, HI 71553",170.0,89.0,John,French,30.795847750865054
49.0,"Unit 5032 Box 5097
DPO AP 75772",189.0,110.0,Michelle,Johns,30.794210688390585
89.0,"166 Perez Dale
North Kaitlintown, DE 17193",156.0,74.93458980044346,Cynthia,King,30.79166247552739
62.0,"64734 Melton Brook
South Marcchester, FL 52104",156.0,74.93458980044346,Nicholas,Garcia,30.79166247552739
95.0,"866 Dylan Mews
New Dustin, AR 38575",156.0,74.93458980044346,unknown,unknown,30.79166247552739
43.0,"5692 Kyle Corner
Elizabethborough, IN 55827",156.0,74.93458980044346,unknown,unknown,30.79166247552739
58.0,"Unit 9777 Box 6548
DPO AE 68604",151.0,70.0,Lynn,Freeman,30.700407876847507
82.0,"306 Michelle Tunnel Apt. 327
Shieldsport, AS 43141",178.0,97.0,Zachary,Ortega,30.614821360939274
31.0,"2499 Jones Plains
New Lisamouth, WA 87854",178.0,97.0,Charles,Good,30.614821360939274
38.0,"2935 Linda Trail
Maldonadomouth, DC 76942",187.0,107.0,William,Cisneros,30.598530126683627
97.0,"9346 Martinez Island
Richardhaven, SC 48646",179.0,98.0,Alexandra,Jones,30.585811928466654
70.0,"Unit 6395 Box 2308
DPO AE 44059",174.53056768558952,93.0,Michelle,Morris,30.53092384606967
99.0,"070 Brittany Spring
Hillstad, HI 87987",174.53056768558952,93.0,Kathleen,Martin,30.53092384606967
41.0,"3018 Gill Centers Suite 999
North Lorichester, SC 73618",174.53056768558952,93.0,Jose,May,30.53092384606967
65.0,"35313 Hunter Burg
Heatherberg, AZ 13072",189.0,109.0,Daniel,King,30.514263318496123
62.0,"8387 Green Circle Suite 801
Carlsonside, WA 12914",183.0,102.0,Jonathan,Schroeder,30.457762250291136
30.0,unknown,158.0,76.0,unknown,unknown,30.443839128344813
88.0,unknown,184.0,103.0,Michelle,Kennedy,30.42296786389414
89.0,"6952 Wiley Rapid Suite 624
South Jordan, WV 85252",156.0,74.0,Katie,Williamson,30.407626561472714
71.0,"743 Tracy Manor Suite 521
Lake Douglasview, MP 10584",173.0,91.0,Gregory,Hall,30.405292525644022
87.0,"72298 Reed Tunnel
Christopherview, KS 91643",157.0,74.93458980044346,Raven,Mclean,30.40066120347416
81.0,"0930 Paul Mill
Morrisonside, DC 56546",186.0,105.0,Jeffrey,Davis,30.350329517863333
89.0,"Unit 2690 Box 3039
DPO AP 81991",153.0,71.0,John,Higgins,30.33021487462087
57.0,"125 Michael Ways
North Jessicaton, MI 83177",153.0,71.0,Melissa,Rodriguez,30.33021487462087
47.0,"525 Perkins Shore Apt. 557
West Hollyton, MN 71161",153.0,71.0,James,Cisneros,30.33021487462087
71.0,"4818 Ray Unions Suite 197
Dylanport, MD 79132",177.0,95.0,Martin,Cook,30.323342589932647
53.0,unknown,179.0,97.0,Evelyn,Obrien,30.273711806747606
67.0,"41505 Joseph Track Apt. 114
Emilychester, MN 49203",183.0,101.0,Megan,Smith,30.15915673803338
67.0,"59676 Douglas Pines Apt. 121
Port Cory, AL 90306",167.0,84.0,Joshua,Davila,30.11940191473341
75.0,"USNV Cooper
FPO AP 84245",163.0,80.0,Christopher,James,30.11027889645828
82.0,unknown,159.0,76.0,Megan,Morrison,30.062101973814325
76.0,"2321 Grant Light Apt. 324
South Lisaburgh, WI 07187",174.0,91.0,Nicholas,Reed,30.056810675122207
36.0,"662 Susan Key Apt. 753
West Richard, MA 92525",158.0,74.93458980044346,Joshua,Skinner,30.01706048727906
75.0,"9544 Susan Islands Apt. 254
South Tonyafort, MI 68895",158.0,74.93458980044346,Jamie,Gibson,30.01706048727906
70.0,unknown,158.0,74.93458980044346,Austin,Spencer,30.01706048727906
80.0,"367 Wesley Plaza
North Joshuafurt, OH 13131",177.0,94.0,unknown,unknown,30.00414951003862
66.0,"94468 Turner Point Apt. 699
Brownborough, NV 03541",156.0,73.0,Troy,Lamb,29.996712689020377
28.0,"6332 Walls Gardens Suite 494
Sherryshire, SD 51094",188.0,106.0,James,Scott,29.990946129470352
82.0,"042 Donna Road
Mauriceport, CA 58775",188.0,106.0,Heather,Dillon,29.990946129470352
81.0,"8954 Elizabeth Estate Suite 889
Harrisonborough, HI 80344",178.0,95.0,unknown,unknown,29.983587930816814
72.0,"226 Sandra Corners
West Amy, MH 15868",155.0,72.0,Micheal,Rodriguez,29.968782518210194
63.0,unknown,182.0,99.0,Carlos,Harrison,29.887694722859557
63.0,"9350 Johnson Via
Lake Sarah, OH 92473",152.0,69.0,Susan,Johnson,29.864958448753463
95.0,"3399 Jennifer Common
Gomezside, NM 49587",150.0,67.0,Rebecca,Simon,29.77777777777778
60.0,"85623 Christopher Lodge Suite 658
North Tony, DE 16071",168.0,84.0,Michael,Griffin,29.761904761904766
53.0,"USNS Keller
FPO AA 76398",169.0,85.0,Oscar,Martin,29.76086271489094
35.0,"64305 Katherine Crossroad
Lake Jacob, HI 11628",167.0,83.0,Christine,Bright,29.760837606224676
55.0,"3614 Laura Rest
Lake Donna, TN 86321",187.0,104.0,Raymond,Ray,29.740627412851378
99.0,"81836 Kyle Loaf Suite 973
Buchananbury, IN 60167",163.0,79.0,Jeremy,Arnold,29.733900410252552
62.0,"896 Gilbert Ridges
West Julianbury, KY 71005",188.0,105.0,Yvette,Boyd,29.708012675418743
95.0,"1624 Casey Lodge Suite 367
Monicamouth, WA 10581",177.0,93.0,unknown,unknown,29.68495643014459
83.0,"9596 Jimenez Station Suite 047
Weaverfurt, IL 06360",158.0,74.0,Ashley,Jones,29.642685467072578
82.0,"008 Adam Trafficway
Bradleyburgh, CO 41388",159.0,74.93458980044346,Samantha,Bradley,29.640674736143133
86.0,"60555 Davis Meadows
Erikahaven, PW 63900",157.0,73.0,Samuel,Hubbard,29.61580591504726
72.0,"668 William Squares
North Johnborough, MA 22779",181.0,97.0,Margaret,Hill,29.60837581270413
78.0,"9739 Thomas Tunnel Apt. 944
New Aprilland, MO 37590",156.0,72.0,Theresa,Rice,29.585798816568044
66.0,"97827 Joan Coves
Port Danielmouth, MT 88555",155.0,71.0,Richard,Warner,29.552549427679498
77.0,"PSC 0742, Box 3602
APO AP 03837",174.53056768558952,90.0,Thomas,Shaw,29.546055334906132
75.0,"162 Kelsey Corner
Ramosmouth, NJ 35810",174.53056768558952,90.0,Nicole,Beard,29.546055334906132
60.0,"USCGC Gomez
FPO AP 96341",193.0,110.0,Michelle,Yates,29.530994120647534
39.0,"882 Wise Pike
Port Scottville, ME 66382",153.0,69.0,Willie,Mathews,29.475842624631554
87.0,"62258 James Cape
Hillton, MS 79488",168.0,83.0,Brianna,Vaughan,29.40759637188209
94.0,"949 Obrien Locks
Lake James, PR 89510",151.0,67.0,unknown,unknown,29.384676110696898
30.0,"32581 Monica Causeway
South Ericamouth, OK 42216",163.0,78.0,Robert,Benitez,29.357521924046825
36.0,"83346 James Bypass
Briantown, AZ 72620",162.0,77.0,Erin,Simon,29.340039628105465
81.0,"448 Stephanie Groves Suite 168
New Rogerbury, PA 92944",161.0,76.0,Cheryl,Hughes,29.319856487018246
77.0,unknown,192.0,108.0,Justin,Walker,29.296875
94.0,"40740 Butler Oval
Shermanberg, FL 67882",192.0,108.0,Christopher,Henson,29.296875
57.0,"98707 Jessica Via Suite 978
North Natalie, NM 45821",182.0,97.0,Lisa,Martin,29.283902910276534
64.0,"8437 Gregory Gardens
Beckland, NE 64461",174.53056768558952,89.0,Crystal,Guerra,29.217765831184952
93.0,"277 Amy Park Suite 995
Ericatown, AR 18607",187.0,102.0,Jeffrey,Reid,29.168692270296543
73.0,"6819 Christensen Drive
Henryville, CA 77892",187.0,102.0,Shawn,Gonzales,29.168692270296543
52.0,unknown,177.0,91.0,Cheryl,Alexander,29.046570270356536
28.0,"1351 Hernandez Station Suite 944
West Brian, VT 32974",161.0,74.93458980044346,Sandy,Moore,28.908834458718204
86.0,"430 Jennifer Key
Alisonberg, AR 45841",161.0,74.93458980044346,Julia,Moore,28.908834458718204
64.0,"0313 Miller Fork
Glenntown, HI 63960",186.0,100.0,Karina,Dodson,28.905075731298414
49.0,"291 Lee Rapids Apt. 471
North Josephfurt, WA 63115",174.53056768558952,88.0,Amanda,Anthony,28.889476327463772
43.0,"150 Max Ridge
Lake Thomas, PR 17251",188.0,102.0,Elizabeth,Parker,28.85921231326392
78.0,"6457 Harris Manors
Angelaville, WI 67688",157.0,71.0,Joseph,Walters,28.804413972169254
69.0,"7805 Wells Cliffs Apt. 270
Phillipshire, MD 83200",191.0,105.0,Joshua,Sampson,28.78210575368
42.0,"975 Sabrina Hill
North Ronald, MS 55082",191.0,105.0,Eric,Sanchez,28.78210575368
28.0,"149 Brian Mountain Suite 619
Diazmouth, DE 42748",192.0,106.0,unknown,unknown,28.75434027777778
71.0,"637 Margaret Rapids
Haneymouth, PA 32947",192.0,106.0,Patrick,Hogan,28.75434027777778
44.0,unknown,176.0,89.0,Brad,Allen,28.731921487603305
62.0,"813 Rachel Hollow
East Jennifer, VT 38750",172.0,85.0,Gina,Oconnor,28.73174689021093
44.0,"466 Guerrero Fall
East Melissaberg, PW 91099",177.0,90.0,Victoria,Bass,28.72737719046251
82.0,"68588 Howard Creek Apt. 477
Dawnfurt, PW 39108",193.0,107.0,Jamie,Herring,28.7256033719026
61.0,unknown,155.0,69.0,Roger,Hester,28.720083246618103
38.0,"899 Price Ports
Ianchester, KS 07909",162.0,74.93458980044346,Tonya,Stewart,28.553036808582323
58.0,"2183 Monroe Drive Suite 345
Johnsonview, DC 69778",162.0,74.93458980044346,Gregory,Hall,28.553036808582323
46.0,"438 Katie Spur
North Kelseyborough, TN 72000",162.0,74.93458980044346,George,Fields,28.553036808582323
61.0,"119 Henry Way Suite 852
Millerfurt, WA 82949",177.0,89.0,Aaron,Martinez,28.40818411056848
86.0,unknown,178.0,90.0,Dana,Thomas,28.40550435551067
60.0,"0314 Roberts Trail
Susantown, NM 66382",174.0,86.0,Molly,Davidson,28.405337561104506
62.0,"211 Nunez Meadow
Alexistown, CA 92957",173.0,85.0,Jennifer,Hartman,28.40054796351365
99.0,"560 Clark Harbors Apt. 953
Nashmouth, GA 84950",172.0,84.0,David,Holmes,28.393726338561386
52.0,"3049 Deborah Cove Apt. 739
Juliaborough, IA 90894",170.0,82.0,Michelle,Carpenter,28.373702422145332
75.0,"95903 April Gardens
Martinchester, FM 51569",197.0,110.0,Michael,Thompson,28.343940838465304
98.0,"54101 Scott Track Suite 703
Lake Lisa, CA 65956",187.0,99.0,Eric,Potter,28.310789556464293
89.0,unknown,163.0,74.93458980044346,Jose,Thomas,28.203767473538132
50.0,"7658 Brooks Ridges Suite 363
Sarahport, DE 01258",163.0,74.93458980044346,Johnny,Christensen,28.203767473538132
58.0,unknown,163.0,74.93458980044346,Alexander,Thornton,28.203767473538132
74.0,"599 Donald Summit
South Mary, AK 25994",163.0,74.93458980044346,Lauren,Mcgee,28.203767473538132
62.0,"1013 Jessica Coves Suite 994
Donaldfurt, ID 31394",162.0,74.0,Charles,May,28.19692120103642
81.0,"967 Nathan Fort
Helenburgh, ME 20110",162.0,74.0,Cynthia,Love,28.19692120103642
30.0,"Unit 1240 Box 0844
DPO AA 80820",153.0,66.0,Amy,Foster,28.194284249647573
62.0,"04882 Brandon Well
Jessicaborough, CA 39701",196.0,108.0,Ray,Merritt,28.113286130778846
81.0,"6245 Wright Lights Suite 996
West Josephport, ME 48611",159.0,71.0,Casey,Vincent,28.084332107116012
43.0,"612 Alvarez Burg
Coleborough, MP 52627",172.0,83.0,unknown,unknown,28.055705786911847
40.0,"43713 Billy Land
Port Thomas, CO 28245",185.0,96.0,Robin,Pacheco,28.04967129291453
30.0,"91528 Ballard Falls Apt. 779
East Gregory, SD 83020",170.0,81.0,Jacob,Daugherty,28.027681660899656
85.0,unknown,188.0,99.0,unknown,unknown,28.010411951109102
90.0,unknown,169.0,80.0,Sheri,Thompson,28.01022373166206
95.0,"914 Wilkerson Neck Apt. 011
West Gabrielle, MT 13003",169.0,80.0,Wendy,Livingston,28.01022373166206
60.0,"2290 Michael Plains
South Justin, AK 16659",150.0,63.0,Michael,Martin,28.0
62.0,"4324 Sonia Light
Lindabury, WY 13704",191.0,102.0,Cody,Todd,27.959759875003428
23.0,"3493 Lynch Road Apt. 382
Lake Donnamouth, GU 92650",191.0,102.0,John,Barrett,27.959759875003428
36.0,"609 Nicole Station
Anashire, AR 93043",192.0,103.0,Shannon,Jacobs,27.940538194444446
62.0,"444 Rhonda Lake Suite 312
Lake Anthonyberg, IL 61617",174.53056768558952,85.0,Ashley,West,27.904607816300235
42.0,"825 Andres Wall Suite 019
South Melissaview, ID 31303",181.0,91.0,unknown,unknown,27.776929886145112
56.0,unknown,174.0,84.0,Angela,Gray,27.74474831549742
45.0,"69290 Kayla Shores Suite 154
Aimeestad, AK 81383",190.0,100.0,Robert,Myers,27.70083102493075
51.0,"96622 York Bridge Suite 341
Michaelmouth, VA 36104",158.0,69.0,Alexander,Bolton,27.639801313892
70.0,"42891 Tamara Isle Suite 761
New Sherritown, IL 13775",165.0,75.0,Teresa,Wilson,27.548209366391188
87.0,"42567 Young Locks
Amberport, CT 79708",199.0,109.0,unknown,unknown,27.524557460670184
54.0,"649 Christine Brooks
South Wandastad, IL 85891",183.0,92.0,Megan,Wallace,27.471707127713575
56.0,"9582 Schroeder Tunnel Apt. 979
Lake Jake, AZ 46839",180.0,89.0,Kristine,Brown,27.469135802469133
59.0,"88736 James Village Suite 517
East Michele, CT 47355",178.0,87.0,Emily,Doyle,27.458654210326976
38.0,unknown,188.0,97.0,Eddie,Murphy,27.44454504300589
62.0,unknown,189.0,98.0,Charles,Miller,27.434842249657066
62.0,"2175 Brandon Light Suite 529
Parrishside, AR 45127",162.0,72.0,Brian,Williams,27.43484224965706
58.0,"621 Hicks Highway
Kennethfurt, FL 27921",170.0,79.0,Charles,Lowe,27.33564013840831
50.0,"9776 Andrew Vista
East Jeffreystad, MH 22963",196.0,105.0,Kathleen,Preston,27.332361516034986
79.0,"48165 Schultz Unions
South Allison, OK 97977",159.0,69.0,unknown,unknown,27.29322416043669
49.0,unknown,158.0,68.0,Christina,Cooper,27.239224483255885
69.0,"8812 Orr Villages Apt. 750
Port Jesse, VI 29262",166.0,74.93458980044346,Julie,Spencer,27.19356575716485
49.0,"201 Catherine Radial Suite 496
North Jessica, PR 16964",166.0,74.93458980044346,unknown,unknown,27.19356575716485
45.0,"480 Neal Ford
Dunnfort, MI 11008",157.0,67.0,Penny,Brown,27.18163008641324
47.0,"8699 Andrew Alley Suite 625
Christopherton, WA 77655",184.0,92.0,Colleen,Lindsey,27.173913043478258
54.0,unknown,180.0,88.0,Jay,Hardin,27.160493827160494
26.0,"3683 Brian Mountains Apt. 951
Alexanderfurt, LA 94660",189.0,97.0,Catherine,Lee,27.154894879762605
77.0,"3227 Green Mill
Lake Jeffery, FL 16130",172.0,80.0,Manuel,Hodge,27.041644131963228
62.0,"07221 Evans Mills
Port Phillipburgh, NY 61309",160.0,69.0,David,Herrera,26.953124999999996
80.0,"26412 Collins Rue Suite 957
South Ryan, NC 18708",174.53056768558952,82.0,Larry,Haas,26.919739305136698
81.0,"8903 Bolton Heights Suite 361
Williamsbury, IN 93988",159.0,68.0,John,Salazar,26.897670187097027
54.0,"280 Jennifer Light
North Davidfurt, GA 63394",183.0,90.0,Dana,Robinson,26.874496103198062
26.0,"USNS Moore
FPO AE 83857",167.0,74.93458980044346,Shirley,Carroll,26.868869375181422
62.0,"291 Catherine Drive Apt. 648
Loganland, NM 31540",167.0,74.93458980044346,Brian,Williams,26.868869375181422
93.0,"52610 Cherry Valley Apt. 598
West Douglasborough, NJ 84121",167.0,74.93458980044346,Scott,Mercado,26.868869375181422
86.0,unknown,167.0,74.93458980044346,Deanna,Gilmore,26.868869375181422
30.0,"90284 Allen Ports Suite 411
South Laurenfort, AZ 20788",167.0,74.93458980044346,unknown,unknown,26.868869375181422
29.0,"90699 Johnson Springs
Lake Cynthia, VA 75972",179.0,86.0,Andrea,Ruiz,26.840610467838083
26.0,"4596 Douglas Mountain Apt. 683
Cohenport, NJ 68408",158.0,67.0,Melissa,Hernandez,26.83864765261977
25.0,"37300 Johnson Harbor
Mckeebury, CT 51458",152.0,62.0,Sheryl,Dunn,26.83518005540166
35.0,"513 Rodriguez Spur Suite 579
Murphyton, MH 36343",177.0,84.0,Amanda,Brown,26.812218711098343
83.0,"409 Fisher Mountains
New Gregory, SD 90646",196.0,103.0,Ronald,Hogan,26.81174510620575
62.0,"8950 Gray Lakes Apt. 020
Craigmouth, UT 65667",198.0,105.0,Antonio,Reyes,26.782981328435874
62.0,"59122 Ashley Burg Apt. 016
East Jerrystad, WV 75970",164.0,72.0,Kelly,Owens,26.769779892920884
28.0,"00248 Daniel Run Apt. 896
East Sarastad, PR 68783",164.0,72.0,unknown,unknown,26.769779892920884
82.0,"7841 Gerald Course Suite 491
Johnsonside, MI 78935",164.0,72.0,unknown,unknown,26.769779892920884
57.0,"USCGC Young
FPO AE 65926",185.0,91.0,George,Graves,26.588750913075234
84.0,"3516 Jill Harbor
Victoriafurt, NV 25457",193.0,99.0,Megan,Calhoun,26.577894708582782
71.0,"618 Ruth Pines Apt. 352
Joshuaburgh, ID 71800",168.0,75.0,Lori,Hill,26.573129251700685
72.0,"73668 Steven Field
Lake Danafurt, MP 96132",160.0,68.0,Cameron,Gomez,26.562499999999996
37.0,"226 Ramirez Branch
East Curtisland, WY 74250",179.0,85.0,unknown,unknown,26.528510346119035
99.0,"3582 Tracy Lakes
New Shelly, WY 32429",179.0,85.0,Zachary,Watson,26.528510346119035
87.0,"65063 Wheeler Fork
Davidside, MH 92122",159.0,67.0,Brittany,Booth,26.502116213757365
57.0,"016 Thomas Way Suite 403
Lake Tammy, ME 93142",166.0,73.0,Paul,Nelson,26.491508201480624
81.0,"5827 Nicole Oval
East Jeffrey, MS 49253",166.0,73.0,Jennifer,Estrada,26.491508201480624
95.0,unknown,165.0,72.0,Kelly,Benson,26.44628099173554
52.0,"670 Moore Fields Suite 634
West Leslie, MI 44423",174.0,80.0,Matthew,Ward,26.42356982428326
86.0,"168 Rebecca Rest Apt. 340
Lake Joshuahaven, OK 57168",164.0,71.0,Troy,Bonilla,26.397977394408095
76.0,"3259 Vargas Streets
New Jamesside, MD 04941",163.0,70.0,Gregory,Evans,26.346494034400994
48.0,unknown,163.0,70.0,Emily,Norton,26.346494034400994
61.0,"4192 Baker Lane Suite 668
Lawrencefort, GA 11535",186.0,91.0,James,Foster,26.303618915481554
65.0,"633 Medina Shores Suite 616
Andrewtown, IN 45673",174.53056768558952,80.0,Cathy,Huber,26.263160297694338
35.0,"0953 Matthew Gateway
South Aaronland, CO 07096",169.0,74.93458980044346,Joseph,Bruce,26.23668281938429
54.0,"182 Williams Land
Stewartchester, MN 15565",159.0,66.0,Andrew,King,26.106562240417702
21.0,"212 Willie Corner Apt. 699
Reneeton, MH 08619",159.0,66.0,Barbara,Hammond,26.106562240417702
51.0,"USNV Skinner
FPO AA 60212",153.0,61.0,Dean,Brown,26.05835362467427
77.0,"00906 William Manors
New Andrewview, ND 85362",195.0,99.0,Tracy,Ferguson,26.035502958579883
49.0,"20574 Clark Gardens
Hernandezland, VT 35968",199.0,103.0,Zachary,Pruitt,26.009444205954395
61.0,"555 Paul Causeway
Port Erikmouth, IL 96243",184.0,88.0,Andrew,Sanders,25.99243856332703
49.0,"950 Robinson River
Chasemouth, VT 54461",163.0,69.0,Andrea,Villanueva,25.970115548195267
62.0,unknown,174.53056768558952,79.0,Roger,Atkins,25.93487079397316
83.0,"50017 Robbins Burgs Suite 970
Kellyborough, AZ 66364",174.53056768558952,79.0,Joe,Miller,25.93487079397316
49.0,"5263 Alan Hollow
Morganville, MI 93071",170.0,74.93458980044346,Julie,Murray,25.928923806381825
31.0,"959 Hampton Points
West Tony, WV 21599",156.0,63.0,Vickie,King,25.88757396449704
39.0,"97114 Linda Points Apt. 315
Lake Michaelton, MO 71303",176.0,80.0,unknown,unknown,25.826446280991735
69.0,"USCGC Serrano
FPO AP 86038",167.0,72.0,Katie,Mcdonald,25.816630212628635
29.0,"95692 Lozano Drive
Port Alexandermouth, IL 42375",155.0,62.0,Michael,Scott,25.806451612903224
62.0,"USCGC Leonard
FPO AP 49094",160.0,66.0,Kevin,Reeves,25.781249999999996
21.0,"928 Hudson Crescent
Michaelberg, TX 73106",188.0,91.0,Kathryn,Shea,25.746944318696244
27.0,"4436 Richards Rest Apt. 980
New Katelyn, DC 74887",154.0,61.0,Timothy,Watson,25.72103221453871
83.0,unknown,153.0,60.0,unknown,unknown,25.63116749967961
89.0,"4075 Maxwell Extension Suite 680
Lake Toddville, SC 10213",171.0,74.93458980044346,Terrence,Young,25.626548271414613
71.0,"0550 Thompson Gateway Apt. 383
Mariaview, NE 98093",174.53056768558952,78.0,Rachel,Schultz,25.60658129025198
45.0,"8641 Troy Islands Apt. 442
Zacharyborough, AS 44634",163.0,68.0,Jennifer,Hamilton,25.59373706198954
47.0,"49037 Kevin Ranch
South Johnnyfurt, IL 25807",178.0,81.0,Nathan,Jones,25.5649539199596
60.0,"301 Young Valley
Berrymouth, NJ 68263",169.0,73.0,Samantha,Oconnell,25.55932915514163
62.0,"3701 Debra Isle
West Michaelchester, IA 79045",197.0,99.0,Henry,Henson,25.509546754618775
95.0,"51604 Jeffrey Rapids Suite 730
South Lisa, OR 46882",194.0,96.0,Vincent,Hall,25.507492826017643
36.0,"407 Nicholson Lake
Castillochester, MP 63936",176.0,79.0,Samantha,Nolan,25.50361570247934
62.0,"2044 Young Brooks Apt. 095
Lanefort, DC 12588",191.0,93.0,Joshua,Burns,25.492722238973712
94.0,"777 Krause Causeway
Ronnieside, KY 96952",189.0,91.0,Judith,Allen,25.475210660395845
76.0,"8938 Baker Rest Apt. 831
North Jamesbury, MH 37802",160.0,65.0,Jonathan,Simpson,25.390624999999996
58.0,"339 Bennett Landing
Brianmouth, VI 70259",165.0,69.0,Mark,Collins,25.344352617079892
23.0,"893 Arnold Plains Apt. 814
Villaport, KY 82628",172.0,74.93458980044346,Edwin,Gray,25.329431381977916
70.0,"PSC 4413, Box 2030
APO AA 33696",172.0,74.93458980044346,Lisa,Carter,25.329431381977916
92.0,"8436 Jordan Gateway Apt. 494
Courtneyton, NJ 17364",172.0,74.93458980044346,Jessica,Gonzalez,25.329431381977916
62.0,"186 Lopez Junctions
Jayhaven, NJ 37216",174.53056768558952,77.0,Janet,Yang,25.2782917865308
72.0,"22065 Matthew Walks Suite 015
Calvinmouth, AK 50761",197.0,98.0,unknown,unknown,25.25187456517818
87.0,"71774 Miguel Walk
North Amanda, SC 08104",196.0,97.0,Tiffany,Williams,25.249895876718035
58.0,"01061 Yvonne Knolls
Jonesborough, AK 56509",196.0,97.0,William,Lee,25.249895876718035
20.0,unknown,178.0,80.0,Lisa,Andrews,25.24933720489837
97.0,"7991 Andrea Vista Apt. 326
Lisaside, VA 75453",158.0,63.0,Hannah,Howard,25.236340330075304
28.0,"31030 Robert Flat Apt. 650
Greenburgh, CO 33425",176.0,78.0,William,Johnson,25.180785123966942
23.0,"62677 Mosley Villages
Ashleyview, FL 67335",157.0,62.0,Stacy,Garcia,25.153150229218223
90.0,"673 Francisco Crescent Suite 792
Edwardstad, WI 95516",186.0,87.0,Erin,Sexton,25.14741588622962
54.0,"30717 Cain Fork
West Adamtown, NV 30117",185.0,86.0,Chelsea,Dennis,25.127830533235937
63.0,"720 Katherine Extension
Port Thomas, ID 47604",184.0,85.0,George,Williams,25.10633270321361
53.0,"7106 Goodwin Skyway Apt. 463
Lake Jordan, WA 76666",174.0,76.0,Marissa,Barnes,25.102391333069097
22.0,unknown,156.0,61.0,Susan,Lutz,25.06574621959237
35.0,"86561 John Common
Evansfurt, SC 77672",182.0,83.0,Keith,Tucker,25.057360222195385
77.0,"404 Farrell Way
East Christopher, MA 63946",174.53056768558952,76.0,Bryan,Small,24.95000228280962
62.0,"7203 Andrew Pike Apt. 913
New Megan, AS 90483",159.0,63.0,Mary,Sanchez,24.919900320398717
59.0,"9362 Bush Oval Suite 770
Port Alexandraberg, WV 37416",159.0,63.0,Emily,Beck,24.919900320398717
21.0,"36323 Johnson Path
Lake Claudia, DE 13169",150.0,56.0,Gabriela,Lane,24.88888888888889
48.0,"5011 Duran Stravenue
East Priscilla, ND 55180",154.0,59.0,Shannon,Le,24.87771968291449
90.0,"5885 Ortiz Neck
Russellhaven, CA 18581",175.0,76.0,Daniel,Gonzales,24.816326530612244
74.0,unknown,184.0,84.0,Jeffrey,Turner,24.8109640831758
62.0,"73675 Karen Creek Suite 997
Jacksonstad, MH 26063",174.0,74.93458980044346,Matthew,Taylor,24.750492073075524
100.0,"9827 Hess Parkway Suite 320
Brownborough, AS 47784",192.0,91.0,Jonathan,Singleton,24.68532986111111
64.0,"319 Smith Place
Devinside, CT 35504",166.0,68.0,Angela,Fry,24.677021338365513
35.0,"1890 Charles Mountain Apt. 269
Stevenland, IA 08210",172.0,73.0,unknown,unknown,24.675500270416443
30.0,"445 Stephen Mountain
Lake Hollymouth, VI 11012",156.0,60.0,Jennifer,Rodriguez,24.654832347140037
29.0,"143 Strickland Ford
Christianport, AR 27739",190.0,89.0,Andrea,Hickman,24.653739612188367
91.0,"2833 Ashley Cape
East Charles, PW 34783",189.0,88.0,Emily,Martinez,24.635368550712467
43.0,"7331 Davis Well Apt. 044
Shieldsberg, NC 24408",171.0,72.0,Renee,Adams,24.622960911049557
25.0,"071 Larry Mall Suite 283
Michaelshire, CA 01976",174.53056768558952,74.93458980044346,Deborah,Moore,24.600239297137723
75.0,"962 Mcbride Lodge Apt. 782
Waltersburgh, TX 96466",174.53056768558952,74.93458980044346,Douglas,Garrett,24.600239297137723
72.0,"162 Perkins Plains
Coxville, VI 05794",174.53056768558952,74.93458980044346,Karen,Rhodes,24.600239297137723
98.0,unknown,174.53056768558952,74.93458980044346,Charles,Walker,24.600239297137723
70.0,"3044 Angela Roads Apt. 830
Charlesborough, WV 70044",174.53056768558952,74.93458980044346,Jacqueline,Robinson,24.600239297137723
62.0,"265 Garcia Way
Lisaview, UT 39186",174.53056768558952,74.93458980044346,Cassandra,Mack,24.600239297137723
82.0,unknown,174.53056768558952,74.93458980044346,unknown,unknown,24.600239297137723
40.0,"157 Cook Mountain Apt. 610
Lopezton, CO 02591",174.53056768558952,74.93458980044346,Michael,Hoffman,24.600239297137723
57.0,"517 Taylor Square Apt. 714
Masseyside, PW 53954",174.53056768558952,74.93458980044346,Peter,Patton,24.600239297137723
32.0,"409 Morgan Branch Suite 028
Rileyberg, IN 52867",187.0,86.0,Olivia,Fitzpatrick,24.59321112985787
51.0,"15621 Scott Pass
South Robertfurt, NY 78478",155.0,59.0,Aaron,Casey,24.55775234131113
35.0,"85506 Karen Knolls
Woodsview, WV 23675",164.0,66.0,Jason,Williams,24.538964901844146
80.0,"234 Henry Inlet
South Jordantown, WY 09702",169.0,70.0,Stacie,Davenport,24.508945765204302
87.0,unknown,163.0,65.0,Emily,Allen,24.46460160337235
33.0,"77655 Brittany Row
Davidton, HI 36912",195.0,93.0,Sarah,Dunn,24.45759368836292
52.0,"5740 Cuevas Flat Suite 321
North Jeremyland, MS 78832",194.0,92.0,Brenda,Conner,24.444680624933575
81.0,"290 Nathan Trace Apt. 975
East Melissa, ND 52493",181.0,80.0,April,Lopez,24.41927902078691
20.0,"580 Munoz Shores Apt. 172
South Erin, IN 64658",192.0,90.0,Willie,Walker,24.4140625
45.0,"772 Patterson Island
Alanchester, GU 37734",190.0,88.0,Stephen,Campbell,24.37673130193906
83.0,"256 Mclaughlin Haven
Davidtown, SD 51421",189.0,87.0,Joseph,Osborn,24.355421180818006
51.0,"73346 Morrison Fort
New Heather, NH 67083",166.0,67.0,Mary,Walsh,24.31412396574249
64.0,"973 Michael Springs Suite 573
Martinberg, IA 84456",178.0,77.0,Stephen,Bartlett,24.302487059714682
100.0,unknown,171.0,71.0,Ryan,Nelson,24.280975342840534
99.0,"948 Cheryl Squares
Arthurside, ME 61779",171.0,71.0,John,Lindsey,24.280975342840534
53.0,"49707 Johnson Fort
Lake Jonathanfort, WY 65402",185.0,83.0,Tiffany,Bennett,24.251278305332356
20.0,unknown,156.0,59.0,Shannon,Brown,24.243918474687703
26.0,unknown,160.0,62.0,unknown,unknown,24.218749999999996
62.0,"4927 Kevin Crossroad
West Michael, MO 90971",176.0,74.93458980044346,Melissa,Perez,24.191176975866306
46.0,"3177 Dawson Lock
Reedtown, CT 18502",176.0,74.93458980044346,Justin,Jenkins,24.191176975866306
23.0,"4140 Shelly Ways
Anneville, GU 63200",169.0,69.0,Amy,Macias,24.158817968558527
68.0,"1411 Stephanie Coves
Hamptonshire, MP 81863",159.0,61.0,unknown,unknown,24.128792373719392
76.0,"486 Whitaker Meadow Suite 937
Adamsshire, OK 67705",151.0,55.0,Adam,Lewis,24.121749046094468
70.0,"29106 Edward Forges Apt. 987
North Jerrymouth, MT 66549",181.0,79.0,Sara,Roberts,24.114038033027075
82.0,"092 Thomas Camp
East Aprilberg, NV 55109",181.0,79.0,Mark,Smith,24.114038033027075
26.0,"559 Romero Lakes Suite 117
Haleland, PW 21224",174.0,73.0,Anthony,Baker,24.111507464658473
62.0,"12869 Clark Branch
Christianshire, NH 25340",190.0,87.0,Jonathan,Parker,24.099722991689752
45.0,"732 Stewart Fields
New Brittanyside, NV 84333",190.0,87.0,Juan,Hines,24.099722991689752
62.0,"627 Sheila Prairie Suite 363
Laceychester, FL 23319",158.0,60.0,Michael,Erickson,24.034609838166958
58.0,"4900 Mcgee Road Apt. 798
Tylerchester, DC 02797",200.0,96.0,Jason,Clark,24.0
32.0,"85832 Moody Union
South Rebeccaton, KS 89642",178.0,76.0,Jenna,Davis,23.98687034465345
62.0,"3872 Jones Road Suite 068
West Richard, TN 70880",174.53056768558952,73.0,Jessica,Ross,23.965133771646084
97.0,"786 Rogers Lane
Webbfort, TX 74352",174.53056768558952,73.0,Mary,Anderson,23.965133771646084
38.0,"525 Cochran Drive Suite 316
New Davidberg, OR 14428",174.53056768558952,73.0,Veronica,Hill,23.965133771646084
93.0,"859 Ashley Station
West Stephenmouth, MH 31633",196.0,92.0,Katie,Roberts,23.94835485214494
85.0,"8551 Butler Trail
Erinville, NV 60825",177.0,75.0,Mary,Wallace,23.93948099205209
33.0,"5098 Wilson Crossing
South Patrick, AZ 39254",195.0,91.0,Christopher,Smith,23.931623931623932
56.0,"7409 Hardin Orchard
Murphyland, DC 91745",177.0,74.93458980044346,Collin,Martinez,23.918602508999157
88.0,"22370 Austin Roads
West Alexisfurt, SD 48508",177.0,74.93458980044346,Carol,Rice,23.918602508999157
62.0,"590 Mueller Lodge Suite 912
Hensleyport, WI 12485",193.0,89.0,Matthew,Norman,23.893258879433006
31.0,"735 Sheppard Turnpike Apt. 176
West Justinborough, WY 73484",191.0,87.0,Robert,Jenkins,23.84803048162057
37.0,"71493 Mark Village Apt. 227
North Leetown, IA 85414",160.0,61.0,Stephanie,Clark,23.828124999999996
24.0,"4636 Herrera Mount Apt. 589
South Pamelamouth, GA 75006",160.0,61.0,unknown,unknown,23.828124999999996
94.0,"803 Susan Harbor
South Amanda, FL 27473",190.0,86.0,Christopher,Thompson,23.822714681440445
30.0,"260 Payne Rapid Apt. 843
Lake Mallory, PA 87693",181.0,78.0,Ashley,Campbell,23.808797045267237
80.0,unknown,164.0,64.0,unknown,unknown,23.795359904818564
77.0,"263 Jason Spurs Apt. 195
Barbaraport, AL 71614",179.0,76.0,Jessica,Olson,23.719609250647608
87.0,"232 William Common
Sandyberg, WI 26144",184.0,80.0,Aaron,James,23.629489603024574
80.0,"7597 April Forest Apt. 438
Port Anthonyside, AL 67870",183.0,79.0,unknown,unknown,23.589835468362743
87.0,"89656 Natalie Lodge Suite 832
Port Destiny, WA 83260",190.0,85.0,Ruben,Duncan,23.545706371191137
62.0,"2489 Ralph Divide Suite 828
South Edward, GU 13281",161.0,61.0,Amy,Higgins,23.533042706685695
66.0,"2664 Erica Overpass Suite 640
North Richard, VA 29007",189.0,84.0,Frances,Stone,23.515579071134628
31.0,"9580 Derrick Drive
Blakeport, VA 64839",175.0,72.0,Tommy,Hernandez,23.510204081632654
92.0,"7265 Rice Circles
East Stephen, GA 97902",181.0,77.0,Michelle,Jordan,23.503556057507403
37.0,"767 Anthony Rapid
North Taylorland, VT 62023",180.0,76.0,Emily,Taylor,23.456790123456788
50.0,"2905 Diane Isle
East Nicole, AS 95665",179.0,74.93458980044346,unknown,unknown,23.387094597685298
57.0,"2646 Diana Coves
West Sarafurt, VA 26786",194.0,88.0,Thomas,Smith,23.381868423849507
20.0,"2363 Wilson Trail Apt. 252
North Kellyburgh, SD 48518",194.0,88.0,Anthony,Sharp,23.381868423849507
74.0,"2218 Martin Harbors
Christinaberg, OK 94930",159.0,59.0,Michael,Herring,23.337684427040067
82.0,"4083 Matthew Estate
Richardsonbury, MA 16934",190.0,84.0,Justin,Cruz,23.26869806094183
57.0,"3539 Wilson Center
Tinafort, TN 73752",171.0,68.0,David,Alvarez,23.25501863821347
41.0,"205 Emily Passage Suite 252
Taylorburgh, TX 36810",200.0,93.0,Taylor,Roberts,23.25
32.0,"112 Johnson Port
Lake Nathan, KY 73639",162.0,61.0,Katherine,Davis,23.243408017070564
42.0,"1200 Steven Fall Apt. 609
South Tim, CO 76821",181.0,76.0,Robert,Giles,23.198315069747565
54.0,"338 Richard Glen Apt. 222
East Davidville, MO 03381",196.0,89.0,Christopher,Sanchez,23.167430237401085
25.0,"801 Green Fall Apt. 782
Chenfurt, NE 61171",165.0,63.0,Jacob,Wagner,23.140495867768596
40.0,"936 Bell Islands Suite 051
North Marissaborough, WA 88367",180.0,74.93458980044346,unknown,unknown,23.127959814951684
32.0,"56751 Hunt Expressway
Michaelland, CT 51026",186.0,80.0,Michele,Scott,23.12406058503873
87.0,"1871 William Summit Suite 558
Fernandoport, DC 11723",193.0,86.0,Derek,Reed,23.087868130688072
59.0,unknown,164.0,62.0,Linda,Cummings,23.051754907792983
96.0,"7023 Scott Vista
Maryport, SD 56515",184.0,78.0,Mary,Thomas,23.03875236294896
98.0,"2810 Craig Station
North Robertfort, IL 41634",191.0,84.0,Sarah,Anderson,23.025684602944
39.0,"87946 Simpson Glen
Mikeside, AZ 37909",163.0,61.0,Daniel,Woodward,22.95908765854944
62.0,"Unit 0151 Box 6533
DPO AA 57671",182.0,76.0,Brenda,Williams,22.944088878154812
52.0,"34608 Joseph Courts
New Richard, WA 91181",187.0,80.0,Valerie,Sanford,22.877405702193368
47.0,"600 Brown Dam Suite 366
Jacobsbury, ID 10321",181.0,74.93458980044346,Ryan,Miller,22.873108208065524
32.0,"4331 Kristine Canyon
North Abigail, VI 82362",185.0,78.0,Heather,Ellis,22.79035792549306
33.0,"18055 Suarez Camp Suite 335
Sanchezfurt, AZ 50114",200.0,91.0,Joseph,Willis,22.75
76.0,"299 Mccann Ranch
New Morganhaven, RI 28334",184.0,77.0,Nancy,Carlson,22.743383742911153
43.0,"71959 Travis Canyon Suite 001
Valeriebury, ND 79387",178.0,72.0,Andrew,Gallegos,22.724403484408533
60.0,"86576 Matthew Meadow Apt. 966
Douglasshire, NJ 24530",178.0,72.0,unknown,unknown,22.724403484408533
91.0,unknown,189.0,81.0,Roger,Collins,22.67573696145125
38.0,"15729 Hayes Knolls
North Michellestad, CO 48368",160.0,58.0,Jeffrey,Hutchinson,22.656249999999996
89.0,"0854 Joseph Bridge
South Daniel, RI 24453",182.0,74.93458980044346,unknown,unknown,22.62244590038747
44.0,"47793 Flores Summit Suite 462
West Patriciaside, AZ 94717",182.0,74.93458980044346,Laura,Stokes,22.62244590038747
47.0,"0663 Brittany Rapid Suite 916
Lake Miranda, FM 55156",195.0,86.0,unknown,unknown,22.616699539776466
48.0,"1568 Washington Run
East Lauren, WI 48109",194.0,85.0,James,Pierce,22.584759273036454
58.0,"1117 Ruth Terrace
Port Stephaniemouth, AL 03216",180.0,73.0,Wesley,Duke,22.530864197530864
62.0,"4049 Bruce Shoals
Lake Ernest, CA 51833",180.0,73.0,James,Davis,22.530864197530864
74.0,"USCGC Delgado
FPO AP 28667",170.0,65.0,Shane,Velez,22.49134948096886
47.0,"2690 Graves Dale Apt. 064
Lewisland, OR 74172",170.0,65.0,George,Ruiz,22.49134948096886
93.0,"73980 Olson Courts Suite 286
Jamesland, DC 41157",174.0,68.0,Tara,Smith,22.460034350640772
53.0,"2312 Heather Tunnel
Lloydshire, NH 20768",158.0,56.0,Angela,Kane,22.432302515622492
94.0,"14431 Laurie Mountains
West Melissabury, NE 33528",178.0,71.0,Christopher,Smith,22.408786769347305
46.0,unknown,183.0,74.93458980044346,unknown,unknown,22.375881573186255
62.0,"720 Dawson Mews
New Candacemouth, ND 86079",183.0,74.93458980044346,unknown,unknown,22.375881573186255
84.0,"73019 Stacey Lane Suite 147
North Christopherborough, WY 22251",157.0,55.0,Amanda,Chan,22.313278429145196
72.0,unknown,180.0,72.0,Stephanie,Schaefer,22.22222222222222
66.0,"545 Jodi Mission Apt. 630
West Joeborough, AR 67004",166.0,61.0,William,Baker,22.136739730004358
88.0,"59669 Shelby Meadows
Saraside, WV 95598",184.0,74.93458980044346,Donna,Rios,22.133326382456126
71.0,"4573 Kim Fort Apt. 198
Rodgersfort, FL 79564",184.0,74.93458980044346,Becky,Miller,22.133326382456126
64.0,"7878 Charles Garden Suite 136
Michaelview, RI 90934",184.0,74.93458980044346,Stacy,Gibbs,22.133326382456126
89.0,"747 Casey Turnpike Apt. 911
Jeffreybury, PA 88104",162.0,58.0,Albert,Stein,22.10028959000152
70.0,"56569 Ryan Summit Apt. 641
East Linda, MD 33072",183.0,74.0,unknown,unknown,22.096807907073963
96.0,unknown,195.0,84.0,unknown,unknown,22.090729783037478
72.0,"Unit 9757 Box 6839
DPO AA 31107",152.0,51.0,Brandi,Vasquez,22.07409972299169
87.0,"404 Arias Junctions
Sherryfurt, MI 07092",169.0,63.0,Catherine,Harvey,22.058051188683873
46.0,"4364 Matthew Creek Apt. 790
South Sheilaburgh, MP 86156",173.0,66.0,Martha,Wells,22.052190183434128
30.0,"3968 Marcus Garden Suite 705
Riverafort, RI 75335",173.0,66.0,Jason,Miller,22.052190183434128
79.0,"6473 Sharon Motorway Apt. 762
Montoyachester, TN 17240",165.0,60.0,Jessica,Gibson,22.03856749311295
69.0,"PSC 1183, Box 7648
APO AP 24943",187.0,77.0,Michael,Carson,22.019502988361115
25.0,unknown,168.0,62.0,Laura,Mendoza,21.9671201814059
100.0,unknown,168.0,62.0,Jeffery,Davis,21.9671201814059
40.0,unknown,164.0,59.0,Jacob,Freeman,21.936347412254616
21.0,unknown,191.0,80.0,Kelsey,Martinez,21.929223431375238
60.0,"PSC 7962, Box 4882
APO AA 74016",185.0,74.93458980044346,Matthew,Haas,21.894693878873177
62.0,"84536 Mario Field
Deborahbury, ND 71049",190.0,79.0,Martha,Johnson,21.883656509695292
46.0,"065 Paula Center
Lake Crystal, VT 16005",196.0,84.0,Melanie,Lynn,21.86588921282799
95.0,"324 Olson Station Apt. 230
Hendersonport, OR 31380",184.0,74.0,Austin,Mercer,21.85727788279773
32.0,"12287 Daniel Crescent Suite 952
West Angelaberg, CA 17895",189.0,78.0,Rebecca,Contreras,21.83589485176787
21.0,"25656 Jacob River
Taylorton, IA 20798",170.0,63.0,Alyssa,Ford,21.79930795847751
75.0,"717 Danny Port Apt. 459
South Jason, MN 81019",170.0,63.0,Chad,Walker,21.79930795847751
76.0,"99636 Meghan Prairie Suite 234
Cookehaven, OR 12274",194.0,82.0,Robert,Young,21.787650122223404
25.0,"11845 William Curve Suite 296
Patrickchester, LA 63413",188.0,77.0,Anthony,Schneider,21.785875961973744
53.0,"6111 Tran Shore Suite 758
Barryberg, ME 41399",166.0,60.0,Victoria,Riley,21.773842357381334
46.0,"14535 Dennis Island Apt. 455
New Alyssa, MA 77209",200.0,87.0,Martha,Porter,21.75
71.0,"0669 Garcia Turnpike
Gutierrezville, PW 87785",192.0,80.0,unknown,unknown,21.70138888888889
83.0,"52282 Peterson Camp
Foxmouth, PR 19256",165.0,59.0,Gilbert,Morrison,21.6712580348944
48.0,"0421 Lee Hollow Apt. 855
Danielport, AZ 31993",174.53056768558952,66.0,Kayla,Welch,21.66710724559783
90.0,"258 Reyes Burgs Suite 937
South Erinfurt, SD 03414",186.0,74.93458980044346,Thomas,Sandoval,21.659899930755998
59.0,"191 Evans Viaduct
New Lisaview, ID 33928",186.0,74.93458980044346,Christopher,Gonzales,21.659899930755998
62.0,"8522 Cooper Glens
Paulville, NE 72582",186.0,74.93458980044346,Sarah,Osborne,21.659899930755998
30.0,"596 Elliott Spurs
Wilsonton, DE 88667",186.0,74.93458980044346,Donald,Warren,21.659899930755998
64.0,"53862 Simmons Pines
Brendastad, MA 85502",186.0,74.93458980044346,Joshua,Francis,21.659899930755998
85.0,"11196 Megan Center
Carlmouth, VA 01228",152.0,50.0,Jaime,Bass,21.641274238227147
62.0,"874 Leroy Groves
Jacksonberg, FL 35465",172.0,64.0,Katie,Byrd,21.63331530557058
51.0,"86965 Nunez Locks
Jessicatown, IN 23405",158.0,54.0,Alicia,Macias,21.63114885435026
36.0,unknown,158.0,54.0,Linda,Gill,21.63114885435026
66.0,"958 Adams Heights Apt. 715
Johnstonland, NM 65762",176.0,67.0,Teresa,Key,21.62964876033058
53.0,"7031 Christopher Islands
South Jessica, DC 69991",164.0,58.0,John,Bowen,21.564544913741823
28.0,"8616 Bryan Dale Suite 813
Lake James, NC 50071",151.0,49.0,Mary,Powell,21.490285513793253
59.0,"83870 Jennifer Mews Suite 381
West Mariah, NY 17373",170.0,62.0,Katherine,Wright,21.453287197231838
90.0,"3047 Ronald Lights Apt. 257
Josephtown, ME 18032",187.0,74.93458980044346,Cynthia,Miller,21.428862649902328
29.0,"575 Coleman Grove Suite 596
Matthewhaven, ME 99883",187.0,74.93458980044346,Stephanie,Francis,21.428862649902328
53.0,"0953 Karen Neck
Port James, KY 08813",166.0,59.0,Heather,Brown,21.410944984758313
70.0,unknown,186.0,74.0,Christine,Hill,21.389756041160826
88.0,"7075 Landry Junction Suite 993
West Kenneth, GA 79612",191.0,78.0,Miranda,Cortez,21.380992845590857
22.0,"PSC 1517, Box 0828
APO AA 74016",156.0,52.0,Steven,Bates,21.367521367521366
40.0,unknown,169.0,61.0,Lauren,White,21.35779559539232
58.0,"12654 David Square Suite 519
Reedberg, AR 54580",196.0,82.0,Taylor,Palmer,21.345272802998753
76.0,"981 Stacey Mission Suite 652
New Nancyside, NV 78087",196.0,82.0,Spencer,Rhodes,21.345272802998753
44.0,"158 Gonzales Squares
East Phyllis, ND 66537",174.53056768558952,65.0,David,Pierce,21.33881774187665
85.0,unknown,174.53056768558952,65.0,David,Tucker,21.33881774187665
30.0,"4357 Jones Way Apt. 609
Sarahton, UT 45143",174.53056768558952,65.0,Maria,Potter,21.33881774187665
66.0,"873 Steven Freeway
Hernandezport, MH 91752",174.53056768558952,65.0,Alicia,Nelson,21.33881774187665
92.0,"USS Berry
FPO AE 99396",162.0,56.0,Michael,Martinez,21.338210638622158
89.0,"36880 Villegas Stream Apt. 129
Davidview, RI 70282",155.0,51.0,Jorge,Castaneda,21.227887617065555
21.0,"9497 Parker Mills
West Tinaberg, NH 08611",175.0,65.0,John,Baker,21.224489795918366
97.0,"120 Jason Cliff Suite 372
Johnsonville, VI 97580",193.0,79.0,Marcus,Atkinson,21.20862305028323
80.0,unknown,188.0,74.93458980044346,Zachary,Williams,21.201502320179795
87.0,"938 Jordan Spur Suite 726
New Hannahmouth, IN 85969",188.0,74.93458980044346,Brian,Warren,21.201502320179795
25.0,"9862 Bond Wells Apt. 076
North Lisa, MH 88482",198.0,83.0,Megan,Hayes,21.17130905009693
91.0,"2915 Brown Ridges
Angelamouth, CO 04409",178.0,67.0,Grant,Shea,21.146319909102385
44.0,unknown,182.0,70.0,Jessica,Thompson,21.132713440405748
20.0,"1416 Taylor Courts
New Stephen, IL 76860",157.0,52.0,Carla,York,21.096190514828187
62.0,unknown,160.0,54.0,Walter,Thomas,21.093749999999996
52.0,"409 Medina Centers Suite 833
North Jessica, WA 76133",154.0,50.0,Leah,Singh,21.0828132906055
26.0,"43118 Hamilton Hollow
Davidbury, MP 30934",169.0,60.0,Sarah,Hernandez,21.007667798746546
95.0,"08688 Stacy Pike Suite 999
Danielbury, NJ 57784",189.0,74.93458980044346,Jessica,Martin,20.977741328754366
48.0,"438 Brandt Drive
East Nancy, WY 82089",189.0,74.93458980044346,Emily,Lucas,20.977741328754366
66.0,"881 Weeks Keys
South Cathychester, DE 41080",184.0,71.0,James,Graham,20.97117202268431
85.0,"50855 Bethany Via Apt. 269
Michaelfurt, CO 05313",188.0,74.0,Kevin,Tyler,20.937075599818925
48.0,"3478 Jennifer Vista Suite 662
North Joanna, WI 98605",197.0,81.0,Colleen,West,20.87144734468809
45.0,unknown,171.0,61.0,unknown,unknown,20.86111966075032
61.0,"2509 Wilson Wells
Smithfurt, UT 58170",182.0,69.0,Maria,Johnson,20.830817534114235
93.0,"PSC 7133, Box 1926
APO AP 14174",196.0,80.0,John,Pitts,20.824656393169516
85.0,unknown,196.0,80.0,Sara,Smith,20.824656393169516
72.0,"7620 Gross Pines Apt. 220
West Abigail, VT 84762",195.0,79.0,Larry,James,20.77580539119001
62.0,"848 Robert Locks
East Bradley, SC 05730",190.0,74.93458980044346,Daniel,Wang,20.757504099845836
50.0,"597 Ashley Road
North Lauren, KY 10035",200.0,83.0,Christopher,Miles,20.75
62.0,"Unit 4735 Box 7053
DPO AA 85262",177.0,65.0,John,Anderson,20.747550193111813
75.0,"674 Long Drive Apt. 511
Kristenmouth, KY 02971",174.53056768558952,63.0,unknown,unknown,20.682238734434293
55.0,"PSC 7093, Box 3856
APO AP 93867",172.0,61.0,Zachary,Thompson,20.61925365062196
83.0,"6032 Ruiz Crossing Suite 916
Danielmouth, MP 21687",151.0,47.0,Joshua,Williams,20.613131003026183
48.0,unknown,162.0,54.0,unknown,unknown,20.576131687242793
97.0,"0519 Meghan Freeway Suite 409
Mckenzieville, AR 66996",196.0,79.0,Wayne,Gallegos,20.564348188254897
61.0,unknown,196.0,79.0,unknown,unknown,20.564348188254897
69.0,"USCGC Phillips
FPO AA 31128",191.0,75.0,Christine,Branch,20.558646966914285
31.0,"9396 Scott Heights Apt. 170
North Anthonyport, ND 40822",191.0,75.0,Elizabeth,Blackwell,20.558646966914285
33.0,"22595 Alicia Fork
Mcculloughtown, TX 87678",168.0,58.0,Amy,Black,20.549886621315196
80.0,"1918 Richard Falls Suite 781
Michaelville, PR 35686",191.0,74.93458980044346,Morgan,Lambert,20.54071703090471
88.0,"3199 Harrison Trafficway
North Breanna, MD 37892",191.0,74.93458980044346,Daniel,Cole,20.54071703090471
48.0,"76704 Walsh Rapids Apt. 516
East David, AK 83107",191.0,74.93458980044346,Steven,Martinez,20.54071703090471
70.0,"24987 Trevor Harbor
Lake Stacey, GU 85583",195.0,78.0,Samantha,Castaneda,20.512820512820515
91.0,"Unit 4874 Box 7897
DPO AP 50750",194.0,77.0,Nathaniel,Williams,20.45913487086832
77.0,"0817 Raymond Locks
New Jennifer, TN 63490",189.0,73.0,Carol,Lane,20.43615800229557
61.0,"991 Frost Junction
New Kellymouth, ME 89238",158.0,51.0,Stacy,Bradford,20.429418362441915
64.0,unknown,198.0,80.0,Morgan,Ramirez,20.40608101214162
72.0,"8245 Tina Point Suite 994
Emilymouth, DE 31761",193.0,76.0,unknown,unknown,20.403232301538296
57.0,"694 Bruce Springs
Larrymouth, MT 26361",174.53056768558952,62.0,Natalie,Taylor,20.353949230713113
97.0,"733 Quinn Ranch
East Josephville, MO 66403",192.0,74.93458980044346,Richard,Ortega,20.32730843110988
93.0,"2671 Mccann Corners
Shawnaview, ND 92876",166.0,56.0,unknown,unknown,20.322252866889244
49.0,"917 Heather Port Suite 594
New Kent, FM 40125",183.0,68.0,Crystal,Fox,20.305174833527424
91.0,"744 Graham Pines
South Stephanie, MA 45239",199.0,80.0,Adam,Cox,20.201510062877198
22.0,"3314 Carolyn Shoal
Lake Chelseaside, MN 19033",159.0,51.0,Gary,Peterson,20.17325264032277
55.0,"46965 Reid Gardens Apt. 848
Pughside, AZ 97924",185.0,69.0,Timothy,Cortez,20.16070124178232
36.0,"537 Diana Course
Autumntown, FL 39710",189.0,72.0,Kimberly,Riggs,20.15621063240111
48.0,"28072 Dennis Circles
Dennisshire, NV 61473",198.0,79.0,Amy,Livingston,20.15100499948985
23.0,"463 Lewis Lake
Hernandezfurt, WV 74504",174.0,61.0,Shawn,Levine,20.147971991015986
84.0,unknown,193.0,75.0,Jeffrey,Grant,20.13476871862332
76.0,"37805 James Path
New Phillipville, NY 80965",193.0,74.93458980044346,Tiffany,Porter,20.117208462091188
68.0,"4701 James Land
Hamiltonport, CO 70367",193.0,74.93458980044346,Thomas,Pham,20.117208462091188
71.0,"7855 Buck Light
Sherrichester, CO 60701",167.0,56.0,Scott,Manning,20.07960127648894
62.0,"14649 Logan Flat Suite 910
North Rachelview, KS 48488",164.0,54.0,Amanda,Cruz,20.077334919690664
49.0,"370 Stephen Ramp
Andersonberg, VI 27659",170.0,58.0,Brian,Bridges,20.06920415224914
53.0,"4382 Ryan Well Suite 969
Matthewmouth, NC 03795",173.0,60.0,David,Rowe,20.04744562130375
62.0,"8885 Victoria Passage
Lake Lauraburgh, MD 30361",173.0,60.0,unknown,unknown,20.04744562130375
93.0,"92368 Velazquez Courts
West Davidland, IL 35356",174.53056768558952,61.0,David,Bartlett,20.025659726991933
41.0,"1956 Martin Villages
Port Christina, HI 28488",176.0,62.0,Matthew,Solis,20.015495867768596
64.0,"6012 Melissa Mall Suite 966
Hodgesburgh, ME 54946",200.0,80.0,David,Price,20.0
42.0,"49876 Campbell Plaza Apt. 920
West Debrahaven, FM 25303",200.0,80.0,Amber,Jones,20.0
62.0,unknown,179.0,64.0,Jessica,Pruitt,19.97440779001904
62.0,"35648 Clark Walk Suite 337
Morastad, AS 72841",169.0,57.0,unknown,unknown,19.95728440880922
80.0,"963 Allen Flats Suite 290
North Alexandraview, MT 40302",169.0,57.0,Ryan,Ramirez,19.95728440880922
76.0,"93657 Allen Flat
Sanchezfurt, NV 46419",160.0,51.0,Kristina,Clark,19.921874999999996
57.0,"Unit 7355 Box 2089
DPO AP 35857",175.0,61.0,Jeremy,Allison,19.918367346938776
49.0,"855 Kelly Port
Rochaborough, KY 11878",194.0,74.93458980044346,Michele,Jackson,19.910349080785277
81.0,"PSC 9627, Box 2771
APO AP 49113",194.0,74.93458980044346,Paul,Murphy,19.910349080785277
62.0,"42993 White Shoal Apt. 604
Mccarthychester, VI 13818",154.0,47.0,Judith,Howard,19.81784449316917
51.0,"857 Walter Cliff
Careybury, NM 33963",188.0,70.0,Melvin,Ruiz,19.805341783612494
77.0,"21683 Brennan Expressway
Bakerbury, OK 21508",188.0,70.0,unknown,unknown,19.805341783612494
32.0,"67402 Mark Ways
South Joshuatown, HI 34769",174.53056768558952,60.0,Brian,Bailey,19.697370223270756
28.0,unknown,174.53056768558952,60.0,Angela,Potter,19.697370223270756
66.0,"3607 Barbara Ridges
Rachelstad, RI 66193",199.0,78.0,Nathan,Hooper,19.696472311305268
62.0,"Unit 0292 Box 9723
DPO AP 17785",176.0,61.0,Courtney,Robinson,19.692665289256198
90.0,"64862 King Ford
Lake Alyssa, VI 47044",169.0,56.0,Rhonda,Johnson,19.607156612163443
27.0,"71789 John Courts Suite 713
Lauraport, WA 03507",189.0,70.0,Thomas,Stone,19.59631589261219
98.0,"78000 Lewis Gateway Apt. 871
South Marystad, CT 42196",175.0,60.0,unknown,unknown,19.591836734693878
96.0,"581 Daniel Street
New Brandy, PW 77246",178.0,62.0,Samantha,Buckley,19.568236333796236
80.0,unknown,155.0,47.0,Timothy,Joseph,19.562955254942764
63.0,"269 Morris Vista Apt. 853
Harveymouth, ID 55242",150.0,44.0,Catherine,Daniel,19.555555555555557
52.0,"739 Kimberly Coves
Lake Keith, LA 15229",181.0,64.0,Tanya,Smith,19.53542321662953
81.0,"301 Stephanie Shore
Tonymouth, PR 31977",160.0,50.0,Brian,Hill,19.531249999999996
62.0,"55585 Amy Fall Suite 027
Lake Jennifer, MH 78550",196.0,74.93458980044346,Meghan,Brown,19.506088556966752
82.0,"214 Brett Inlet Apt. 022
Lake Katherine, CT 28556",196.0,74.93458980044346,Cody,Turner,19.506088556966752
62.0,"097 Rivera Crossroad Suite 643
Morenoland, VT 78170",196.0,74.93458980044346,Lynn,Miller,19.506088556966752
39.0,"98940 Reed Cape Suite 040
Taylormouth, GA 34351",200.0,78.0,Heather,Beck,19.5
62.0,"594 Michele Forges Apt. 615
East Timothyville, NM 77157",171.0,57.0,Lisa,Scott,19.493177387914233
28.0,"4810 Karl Island Suite 799
Lauraport, MS 16596",177.0,61.0,Steven,Atkins,19.4707778735357
74.0,"13253 Desiree Skyway Suite 405
Jacksonbury, NV 39415",191.0,71.0,Sandra,Pham,19.462185795345523
63.0,"36754 Timothy Port
South Kyletown, PR 21789",180.0,63.0,Monica,Armstrong,19.444444444444443
62.0,"PSC 8538, Box 0079
APO AA 85404",180.0,63.0,Steven,Holmes,19.444444444444443
96.0,"32461 Pena Vista
Knightfurt, MO 75461",162.0,51.0,Cody,Molina,19.43301326017375
71.0,"8780 Patterson Roads Suite 827
Jonathonstad, MA 61998",174.53056768558952,59.0,Tracy,King,19.369080719549576
64.0,"Unit 9673 Box 7754
DPO AE 49999",174.53056768558952,59.0,Keith,Burton,19.369080719549576
62.0,"4370 Roy Walks
Ericksonberg, OH 75819",164.0,52.0,Matthew,Watson,19.333729922665082
36.0,unknown,193.0,72.0,unknown,unknown,19.329377969878387
83.0,"8949 Morgan Stravenue
Denisebury, FM 86833",197.0,75.0,Richard,Wells,19.325414208044524
76.0,"0669 Mitchell Prairie Apt. 361
Rachelbury, PW 99059",156.0,47.0,unknown,unknown,19.312952005259696
48.0,unknown,151.0,44.0,Andrew,Ramirez,19.297399236875574
84.0,"435 Brandon Coves
Port Anna, MO 19690",175.0,59.0,unknown,unknown,19.26530612244898
91.0,"6726 Richard Port
Gardnerview, CT 33898",200.0,77.0,Meghan,Fuentes,19.25
79.0,unknown,200.0,77.0,Kimberly,Mcdowell,19.25
42.0,"58724 Jacqueline Forest Suite 994
West Erikachester, FM 95215",184.0,65.0,Charles,Doyle,19.198960302457465
21.0,"2534 Harrison Views
East Kathy, CT 24641",163.0,51.0,Valerie,Bryant,19.195302796492154
70.0,"98622 Phillip Greens
Bradshawport, NH 34091",199.0,76.0,Pamela,Collins,19.191434559733338
26.0,"39748 Ashley Ranch
West Robert, NE 68295",171.0,56.0,unknown,unknown,19.15119181970521
31.0,"01407 Schroeder Village Suite 667
North Christopher, RI 32759",180.0,62.0,Jesse,Johnson,19.1358024691358
62.0,"884 David Harbors Apt. 471
Foxstad, CO 50338",168.0,54.0,Sandra,Haas,19.13265306122449
71.0,"45820 Lisa Drive Suite 963
South Jessica, ID 55781",198.0,74.93458980044346,Paul,Barnes,19.114016375993128
92.0,"843 Jordan Run
Chavezburgh, CO 66033",198.0,74.93458980044346,James,Monroe,19.114016375993128
62.0,"PSC 1224, Box 5213
APO AP 45932",198.0,74.93458980044346,Brenda,Nguyen,19.114016375993128
88.0,"925 Anderson Branch Apt. 399
North David, DE 28700",198.0,74.93458980044346,Mallory,Lee,19.114016375993128
84.0,"46908 Jordan Causeway
Andradeport, MP 71674",190.0,69.0,Joshua,Parker,19.113573407202217
21.0,"593 Reed Junction
Kimberlyberg, DC 43555",162.0,50.0,David,Caldwell,19.05197378448407
82.0,"0263 Tucker Port Suite 354
Murphyberg, RI 24330",174.53056768558952,58.0,Charles,Orozco,19.040791215828396
96.0,"0894 Lynch Branch
South Laurenhaven, IN 18420",200.0,76.0,Kimberly,Smith,19.0
35.0,"89266 Allen Views
New Kathyside, NV 20153",192.0,70.0,John,Burns,18.98871527777778
63.0,"77929 Robert Summit
Adamsport, LA 48369",154.0,45.0,Richard,Browning,18.974531961544947
91.0,"0295 Barker Centers
Jefferybury, PW 58024",199.0,75.0,Maria,Lewis,18.938915683947375
93.0,"451 Michael Lake
Jasontown, PA 85380",199.0,75.0,Kristen,Meyer,18.938915683947375
92.0,unknown,175.0,58.0,Cameron,Mccarthy,18.93877551020408
70.0,"68860 John Fork
Lake Albert, AL 65288",181.0,62.0,Molly,Perez,18.924941241109856
51.0,"Unit 9710 Box 4847
DPO AE 62031",199.0,74.93458980044346,Chad,Kennedy,18.92239837389042
24.0,"38994 Samantha Hollow
Jamiehaven, MI 69183",199.0,74.93458980044346,Jackie,Mercer,18.92239837389042
66.0,unknown,191.0,69.0,Danny,Jones,18.91395520956114
91.0,"559 Griffin Mill
West Ryan, IN 08924",184.0,64.0,Raymond,Park,18.90359168241966
95.0,"2191 Little Trail Apt. 071
North Johnstad, MS 68138",198.0,74.0,David,Woods,18.875624936231
97.0,"655 Richard Way Apt. 749
Lake Ashleyville, DC 72492",183.0,63.0,Mary,Thornton,18.812147272238644
52.0,"06331 Hicks Lakes
New Lisa, AK 27087",168.0,53.0,Colin,Archer,18.77834467120182
95.0,"935 Kara Run Suite 583
Port Jessicaville, CT 03607",200.0,74.93458980044346,Eduardo,Fields,18.733647450110865
22.0,"9563 Barnett Roads Apt. 214
Heatherchester, MD 93140",155.0,45.0,Stephanie,Bond,18.730489073881373
100.0,"52964 Jared Views Suite 870
Austinhaven, ID 26450",155.0,45.0,unknown,unknown,18.730489073881373
54.0,"63993 Cassandra Branch
West Bernardport, WI 32956",173.0,56.0,Amy,Singleton,18.710949246550168
93.0,"14669 Virginia Fords Apt. 591
North Sarahmouth, AR 22392",170.0,54.0,Sarah,Anderson,18.68512110726644
62.0,"4258 Margaret Rest Suite 510
Gilbertmouth, UT 74074",159.0,47.0,Amy,Vaughn,18.59103674696412
84.0,"68428 Garcia Way Apt. 917
Matthewside, SD 71541",180.0,60.0,Kelly,Wright,18.51851851851852
62.0,"60190 Atkinson Isle Apt. 015
South Scotttown, SC 99646",166.0,51.0,William,Delacruz,18.507766003774133
58.0,"90332 Robinson Hollow
West Josephview, ND 37261",163.0,49.0,unknown,unknown,18.442545824080696
42.0,"8308 Cruz Roads
Donnatown, DC 82897",195.0,70.0,Lisa,Chambers,18.408941485864563
86.0,"1781 Brown Street
West Ashleymouth, NM 59607",176.0,57.0,unknown,unknown,18.401342975206614
57.0,"4463 Wilson Overpass Suite 715
East Lynnside, ME 93491",174.53056768558952,56.0,Patricia,Parker,18.38421220838604
51.0,"39921 Craig Crest
Taylormouth, AS 88355",174.53056768558952,56.0,Charles,Alvarez,18.38421220838604
62.0,"3775 Travis Cliffs Apt. 742
Susanbury, LA 82006",153.0,43.0,Samantha,Mccullough,18.369003374770386
62.0,"931 Mark Mission Suite 704
Marilynland, PW 53906",165.0,50.0,Jeremy,Lopez,18.36547291092746
32.0,"Unit 0982 Box 9807
DPO AP 23648",170.0,53.0,Brian,Christian,18.339100346020764
62.0,"68580 Thomas Club Apt. 834
Ashleymouth, NM 89064",178.0,58.0,Larry,Sheppard,18.30576947355132
41.0,"7369 Moreno Lake
Lambertside, AS 93916",190.0,66.0,Stacy,Scott,18.282548476454295
32.0,"7007 Nicole Lane
South Jamesland, AS 23567",193.0,68.0,unknown,unknown,18.255523638218477
90.0,unknown,172.0,54.0,unknown,unknown,18.25310978907518
76.0,"05518 Anderson Fork
New Tylermouth, CA 09008",177.0,57.0,Sharon,Taylor,18.194005553959588
49.0,"58316 Stone Lane
Port William, KY 29476",199.0,72.0,Leslie,Hanson,18.18135905658948
55.0,"09900 Melanie Station
East Chaseshire, IL 18354",174.0,55.0,James,Garcia,18.166204254194742
43.0,"USS Thomas
FPO AE 53702",182.0,60.0,Timothy,Alvarez,18.11375437749064
84.0,"041 Stephanie Heights Apt. 904
Rebeccabury, TX 19709",156.0,44.0,Travis,Frost,18.080210387902692
75.0,"4446 Burton Mall Suite 403
Luisbury, DE 81576",194.0,68.0,Megan,Hernandez,18.067807418429165
32.0,"3701 Beth Rapids
Lake Jerry, TN 59035",190.0,65.0,Christina,Evans,18.005540166204987
48.0,unknown,170.0,52.0,Eric,Taylor,17.99307958477509
84.0,"44824 Nicole Terrace
West Robinview, TN 46258",192.0,66.0,Maxwell,Price,17.903645833333332
99.0,"7258 Hickman Radial Apt. 754
Johnborough, SC 56458",180.0,58.0,unknown,unknown,17.901234567901234
36.0,"USS Russo
FPO AP 51274",194.0,67.0,Darius,Boone,17.802104368158147
29.0,"8880 Traci Road
South Heather, MH 76544",152.0,41.0,Jacob,Lara,17.74584487534626
82.0,"21178 Maria Valleys
West Donald, NM 61143",174.53056768558952,54.0,Cody,Mcdonald,17.72763320094368
57.0,"54899 Robbins Dale Apt. 368
Lake Antonioborough, GU 42663",173.0,53.0,Wendy,Wolfe,17.70857696548498
21.0,"795 Melissa Forge Suite 460
Monicaton, KY 11184",196.0,68.0,Paul,Scott,17.700957934194086
50.0,"6602 Thomas Mountain Apt. 707
Port Karenmouth, HI 85713",199.0,70.0,Michael,Ward,17.67632130501755
20.0,unknown,167.0,49.0,Michael,May,17.569651116927822
66.0,"06112 Baldwin Wells Suite 324
Torresbury, DC 92073",177.0,55.0,Christopher,Neal,17.555619394171533
34.0,"143 Jennifer Ranch
Chelseaberg, AK 12000",179.0,56.0,Jessica,King,17.477606816266658
24.0,"8058 Moore Harbor Apt. 713
Brendaborough, MI 08328",164.0,47.0,Brent,Soto,17.474717430101133
47.0,"3413 Danielle Tunnel
Lindsayville, MS 61151",157.0,43.0,unknown,unknown,17.444926771877153
29.0,"815 Mark Villages Suite 141
Markton, AK 61857",171.0,51.0,James,Hill,17.441263978660103
34.0,"3512 Lindsey Fords
North Sharon, AR 41907",166.0,48.0,Jennifer,Washington,17.419073885905068
86.0,"21728 Nicole Tunnel
Evanborough, OR 41428",159.0,44.0,Ricky,Clark,17.404374826945133
55.0,"00198 Soto Freeway
Swansonshire, OR 53598",181.0,57.0,Kevin,Crawford,17.398736302310674
79.0,unknown,192.0,64.0,Ricardo,Phillips,17.36111111111111
59.0,"687 Howard Isle Apt. 055
South Amyshire, AK 23920",178.0,55.0,Jose,Young,17.35891932836763
75.0,"552 James Field
Port Richardbury, WV 38414",178.0,55.0,William,Harrison,17.35891932836763
89.0,unknown,189.0,62.0,Paul,Frey,17.35673693345651
78.0,"20085 Buckley Hill
Hernandezville, PA 29278",198.0,68.0,Brenda,Williamson,17.345168860320378
54.0,"589 Morrison Locks Suite 663
New Laurenfort, VI 76364",163.0,46.0,Emily,Clark,17.31341036546351
75.0,"Unit 9313 Box 3249
DPO AP 73638",170.0,50.0,Beth,Villanueva,17.301038062283737
80.0,"715 Jessica Manors
Danielshire, WY 58580",154.0,41.0,Robert,Schultz,17.28790689829651
63.0,"2552 Christina Mills
Port Jeffreyfurt, HI 30514",180.0,56.0,Vincent,Cunningham,17.28395061728395
62.0,unknown,188.0,61.0,Holly,Thompson,17.25894069714803
48.0,"82102 Lee Drive Apt. 539
Kellymouth, MP 18346",188.0,61.0,Jason,Elliott,17.25894069714803
62.0,"9899 Cowan Light Apt. 827
North Tammy, AR 99179",200.0,69.0,Tara,Hill,17.25
84.0,unknown,193.0,64.0,Mary,Garcia,17.181669306558565
64.0,"787 Rice Tunnel
Jimenezshire, MT 43124",174.0,52.0,Eric,Barnett,17.17532038578412
63.0,"1547 Jennifer Points
West Anne, IA 05641",179.0,55.0,Christina,Espinoza,17.165506694547613
94.0,"PSC 8594, Box 5302
APO AE 62887",195.0,65.0,David,Bowman,17.094017094017094
28.0,"061 Robert Turnpike Suite 977
Hillmouth, CA 54801",181.0,56.0,Patrick,Roberts,17.09349531455084
84.0,"7191 Michael Rapid
Burgessland, VA 54057",173.0,51.0,Tina,Chapman,17.04032877810819
62.0,"398 Matthew Flat Suite 617
Daviston, FM 79156",197.0,66.0,John,Allen,17.006364503079183
47.0,"783 Morgan Key Suite 651
Burkefurt, HI 77868",175.0,52.0,Thomas,Snyder,16.979591836734695
40.0,"1300 Noble Estates
West Kimberly, DC 46231",180.0,55.0,Paul,Mccormick,16.975308641975307
60.0,"236 Stephanie Divide
Murphystad, VI 48435",163.0,45.0,Ronald,Ramirez,16.937031879257784
28.0,"Unit 4851 Box 6934
DPO AP 64621",177.0,53.0,Travis,Harris,16.917233234383477
38.0,"48751 Tara Forks Suite 786
Donaldsonport, WA 93425",154.0,40.0,Elizabeth,Wilson,16.866250632484398
70.0,"631 Bailey Green Apt. 855
West Anthonystad, MA 62681",169.0,48.0,Kenneth,Larson,16.806134238997235
41.0,"480 Amy Square
Danielshire, TX 94430",189.0,60.0,Scott,Garcia,16.79684219366759
90.0,"PSC 4085, Box 7735
APO AA 22568",189.0,60.0,Tiffany,Wagner,16.79684219366759
62.0,"945 Connie Loaf
Mosleychester, AS 54618",178.0,53.0,Elizabeth,Russo,16.72768589824517
94.0,"24038 Brown Skyway Suite 294
Fordburgh, TX 46569",168.0,47.0,Jennifer,Velazquez,16.65249433106576
73.0,"96963 Adam Plains
Leonhaven, AS 33414",168.0,47.0,Kayla,Wells,16.65249433106576
99.0,unknown,190.0,60.0,Sara,Stevens,16.62049861495845
62.0,"12568 Rebecca Roads
New Robertchester, WA 09843",170.0,48.0,Ashley,Bridges,16.60899653979239
47.0,"79918 Tracy Viaduct
Julieburgh, MP 48312",172.0,49.0,Melissa,Long,16.563007030827475
62.0,"97943 Patricia Trace
Destinychester, WY 20840",192.0,61.0,unknown,unknown,16.54730902777778
46.0,"4570 Roberts Centers Apt. 038
New Jennifertown, TN 32832",179.0,53.0,Christopher,Johnson,16.541306451109516
46.0,"88779 Anna Spurs Apt. 307
Howellfort, WA 21245",165.0,45.0,Maria,Garcia,16.528925619834713
93.0,"40962 Jay Run Suite 336
North Mariahshire, IL 43207",181.0,54.0,Colleen,Jones,16.483013339031164
78.0,unknown,156.0,40.0,unknown,unknown,16.43655489809336
47.0,"9603 Harrison Plaza Apt. 149
North Richardfort, MH 63338",174.53056768558952,50.0,Lisa,Dunn,16.41447518605896
71.0,"47563 Mitchell Wells Suite 345
South Victoriafurt, PA 64497",174.53056768558952,50.0,unknown,unknown,16.41447518605896
41.0,unknown,174.53056768558952,50.0,Stephanie,Lawrence,16.41447518605896
51.0,"134 Brown Alley
Jenniferchester, OR 32903",187.0,57.0,John,Reeves,16.300151562812776
96.0,"7983 Rebecca Highway Apt. 253
Lake Tammyfurt, IL 66184",168.0,46.0,Justin,Powers,16.298185941043087
56.0,"874 Dakota Freeway
North Erin, TN 08115",192.0,60.0,Debra,Lopez,16.276041666666668
60.0,"7083 Alex Roads Apt. 462
Elizabethborough, PR 97390",197.0,63.0,Morgan,Eaton,16.2333479347574
85.0,"0836 Michelle Hill Apt. 457
South Cynthiafurt, AZ 92826",194.0,61.0,Cory,Bauer,16.207886066532044
66.0,"90173 Theresa Ranch Suite 989
Christopherview, NM 09181",188.0,57.0,Tony,Reyes,16.127206880941603
62.0,"8684 Phillips Curve Apt. 983
New William, NE 52835",193.0,60.0,Jason,Irwin,16.107814974898655
78.0,"668 Hernandez Stream Suite 612
Vangview, RI 42236",169.0,46.0,Michael,Lopez,16.105878645705683
62.0,unknown,174.53056768558952,49.0,Yvette,Lee,16.08618568233778
33.0,"467 Haney Walks Apt. 877
Julietown, LA 46245",198.0,63.0,Brandon,Mercer,16.069788797061523
62.0,"952 Lindsay Ramp Suite 725
Caldwellchester, VT 36554",190.0,58.0,Ricky,Smith,16.066481994459835
91.0,"1636 Nathan Keys Apt. 971
Gibsonview, ID 26440",195.0,61.0,Ronald,Williams,16.04207758053912
43.0,"51147 Rush Manors Suite 122
Parkertown, SC 27926",182.0,53.0,Brent,Vega,16.000483033450067
62.0,"2359 Allison Village Suite 827
Nicholasstad, IL 21089",164.0,43.0,unknown,unknown,15.987507436049974
32.0,"646 Jenny Divide Suite 766
Castillofurt, MO 56869",166.0,44.0,Michelle,Cochran,15.967484395412978
79.0,"49067 Pamela Ford
Heathtown, AK 08750",199.0,63.0,Richard,Finley,15.908689174515795
79.0,"37821 Timothy Drive Suite 469
North Elizabethbury, WV 12296",183.0,53.0,Dale,Sullivan,15.826092149661081
39.0,"PSC 6061, Box 1661
APO AE 31482",161.0,41.0,Dawn,Ryan,15.817290999575631
62.0,"33584 Baldwin Summit
West Nancy, TX 37590",198.0,62.0,Kayla,Hansen,15.814712784409755
52.0,"40193 Nicole Ferry
Jonesbury, DE 46536",198.0,62.0,Jose,Morgan,15.814712784409755
80.0,"6818 Benjamin Mill
Kennethmouth, GU 90111",190.0,57.0,Alicia,Robles,15.789473684210527
54.0,"4749 Amanda Port Suite 410
East Briannaburgh, NE 80716",162.0,41.0,Julie,Villanueva,15.622618503276936
69.0,"6300 Thomas Mountains Apt. 279
South Elijahtown, IL 92772",179.0,50.0,Cassandra,Key,15.605006085952374
23.0,unknown,179.0,50.0,Laura,Martin,15.605006085952374
30.0,"2251 Rebekah Street Apt. 458
South Catherineport, HI 16715",200.0,62.0,Nicole,Kim,15.5
26.0,"9280 Goodwin Squares Apt. 631
Williamsview, SC 60667",192.0,57.0,David,Martinez,15.462239583333334
26.0,"9048 Kimberly Orchard Apt. 300
North Ryan, SC 10331",197.0,60.0,Joseph,Russell,15.46033136643562
23.0,"1509 Moran Ridge Apt. 805
East Connorton, WY 33412",163.0,41.0,Robert,Rodriguez,15.431517934434869
66.0,"Unit 8606 Box 6609
DPO AA 33370",174.53056768558952,47.0,Brittney,Nelson,15.429606674895425
78.0,"8293 Duarte Dam
East Rachel, MP 87736",194.0,58.0,Rebecca,Mendez,15.410776915718992
62.0,"1956 Tina Forks
West Vincent, ND 85723",169.0,44.0,unknown,unknown,15.405623052414134
66.0,"9233 Cooper Crest Suite 162
Sanfordfort, AZ 24577",175.0,47.0,Charles,Mayo,15.346938775510203
97.0,"792 Hammond Glen Apt. 177
Stuartshire, GU 19540",179.0,49.0,unknown,unknown,15.292905964233327
85.0,"56695 Simmons Island Apt. 879
Finleybury, WV 51423",181.0,50.0,Stephanie,Walton,15.26204938799182
44.0,"1155 Randy Pine Suite 723
Robertsfurt, MA 98542",164.0,41.0,Jesus,Levine,15.243902439024392
91.0,"39411 Terrell Squares
Lake Michael, KY 38321",164.0,41.0,Patricia,Fuller,15.243902439024392
100.0,"16818 Hanson Center
Victoriafurt, NY 12831",170.0,44.0,Hannah,Paul,15.224913494809691
79.0,"PSC 5849, Box 3112
APO AE 77875",178.0,48.0,Theresa,Chandler,15.149602322939023
83.0,"436 Nicholas Hollow
Nguyenchester, DE 77202",194.0,57.0,Mark,Mcneil,15.145073865447976
64.0,"75559 Anderson Dale Suite 729
Carolfurt, WY 80785",180.0,49.0,Lisa,Shannon,15.123456790123456
84.0,"USNS Gutierrez
FPO AA 01917",174.53056768558952,46.0,Gregory,Arnold,15.101317171174244
91.0,"6653 Summer Pine Apt. 713
Patrickstad, MH 34157",174.53056768558952,46.0,unknown,unknown,15.101317171174244
91.0,"448 Ward Terrace
Port Evanside, SC 92178",174.53056768558952,46.0,Kristina,Coleman,15.101317171174244
80.0,"7131 Torres Trail
West Ericaberg, WI 43539",177.0,47.0,Christina,Rollins,15.00207475501931
79.0,"Unit 9941 Box 0235
DPO AA 91395",200.0,60.0,Amy,Richardson,15.0
67.0,"24231 Vasquez Rue
East Kayla, WI 03970",195.0,57.0,Jeremy,Edwards,14.990138067061144
62.0,"9344 Kennedy Freeway
East Amandatown, KY 92790",185.0,51.0,Marcus,Brown,14.901387874360847
46.0,"704 Navarro Trafficway
East Melissa, MI 94015",166.0,41.0,Debra,Baker,14.878792277543912
83.0,"165 William Trail Apt. 794
North Lisahaven, ND 09698",191.0,54.0,Christopher,Arnold,14.802225816178286
93.0,"USCGC Thompson
FPO AE 71427",174.53056768558952,45.0,Christopher,James,14.773027667453066
33.0,"5174 Miranda Views Suite 159
West Stevenland, MT 32147",194.0,55.0,Christine,Hoover,14.613667764905943
99.0,"USS Kirk
FPO AA 80829",187.0,51.0,Mikayla,Mcguire,14.584346135148271
56.0,"269 Roberts Burg
Keithbury, NV 91918",189.0,52.0,Michael,Campbell,14.557263234511913
95.0,"USCGC Pena
FPO AE 01341",172.0,43.0,Charles,Chavez,14.534883720930234
77.0,"3905 Samuel Skyway Apt. 990
Mayofurt, OK 85065",168.0,41.0,Craig,Harris,14.526643990929708
96.0,"94374 Patterson Summit
Heatherhaven, MO 49340",182.0,48.0,Cynthia,Brown,14.491003501992513
56.0,"6597 Amy Forest
Lindsaymouth, OK 46130",188.0,51.0,Kevin,Rodriguez,14.42960615663196
30.0,"8316 Theresa Bypass Suite 745
Terryshire, FM 57409",188.0,51.0,Jennifer,Pennington,14.42960615663196
87.0,"5263 Walton Creek Apt. 297
South Ericfurt, MT 42912",181.0,47.0,Tina,Morris,14.346326424712311
100.0,"195 Brad Crossroad
New John, PW 40003",196.0,55.0,Rhonda,Garcia,14.316951270304042
76.0,"8622 Burns Ferry
South Ginafort, WI 44798",195.0,54.0,Tyler,Fisher,14.201183431952664
82.0,"12996 Brooks Square
Reyeschester, ID 27869",182.0,47.0,Rachel,Garcia,14.189107595701001
62.0,unknown,170.0,41.0,Christopher,Schultz,14.186851211072666
62.0,"800 Dean Freeway Apt. 894
Davidmouth, GA 98665",170.0,41.0,Brandon,Greene,14.186851211072666
37.0,"2401 Shannon Stravenue Apt. 411
Theresatown, AL 05921",186.0,49.0,Michelle,Morris,14.163487108336222
61.0,"95854 April Prairie Apt. 388
South Gabrielfort, NJ 71505",174.53056768558952,43.0,April,Lin,14.116448660010708
23.0,"7804 Hendricks Neck Suite 987
Jenniferhaven, ME 75034",183.0,47.0,unknown,unknown,14.034459076114544
25.0,"468 Miller Plaza Apt. 950
New Rachaelshire, LA 51297",198.0,55.0,Thomas,Vazquez,14.029180695847362
30.0,"0060 Whitney Unions Suite 392
Port Lisaside, AL 33979",189.0,50.0,Brandon,Johnson,13.997368494722993
47.0,"517 Braun Valley
Port Christianchester, VA 34600",197.0,54.0,Jeremy,Reese,13.914298229792058
63.0,unknown,199.0,55.0,Briana,Moran,13.888538168228074
60.0,"4964 Johnson Run
Jonathanhaven, AK 66260",184.0,47.0,Jennifer,Johnston,13.882325141776937
53.0,"352 Lee Parkway Suite 726
Amandaburgh, KS 18239",184.0,47.0,Joseph,Dillon,13.882325141776937
100.0,"6847 William Corners Suite 419
Kimfurt, WV 86729",176.0,43.0,David,Taylor,13.881714876033058
84.0,unknown,196.0,53.0,Kristina,Stevens,13.796334860474804
37.0,"8573 Anita Plaza
Davenportfort, RI 21624",195.0,52.0,unknown,unknown,13.675213675213676
20.0,"992 White Green Apt. 025
Clarkchester, MA 06932",180.0,44.0,unknown,unknown,13.580246913580247
66.0,"Unit 3261 Box 3213
DPO AA 96304",192.0,50.0,Cathy,Nelson,13.563368055555555
32.0,"371 Peterson Place Suite 495
South Kenneth, WA 85470",172.0,40.0,Kimberly,Sanchez,13.520822065981614
66.0,"USS Erickson
FPO AA 54153",174.53056768558952,41.0,Charles,Christian,13.459869652568349
41.0,"064 Pitts Centers
Markview, GA 51998",174.53056768558952,41.0,Anna,Miller,13.459869652568349
62.0,"10516 Kelsey Locks Apt. 753
Hamiltonstad, AZ 38961",187.0,47.0,Angela,Jones,13.440475850038604
63.0,"73927 Shaw Flats Apt. 978
West Samantha, NV 48873",191.0,49.0,Latasha,Flynn,13.431649351717333
85.0,unknown,181.0,44.0,unknown,unknown,13.430603461432801
62.0,"5095 Ryan Pass
Port Mary, CO 21511",175.0,41.0,Hunter,Barajas,13.387755102040817
70.0,"43779 Joan Turnpike Apt. 850
New Tracey, IL 63104",174.0,40.0,Veronica,Johnson,13.21178491214163
83.0,unknown,191.0,48.0,Ryan,Duncan,13.157534058825142
33.0,"7969 Barr Camp
Richardville, AK 09006",174.53056768558952,40.0,Charles,Paul,13.131580148847169
44.0,"29724 Baldwin Ville
South John, VI 90712",188.0,46.0,Cynthia,Wright,13.014938886373926
71.0,"52857 Melissa Islands Apt. 018
East Jennifer, DC 31688",182.0,43.0,Amanda,Smith,12.981523970534958
83.0,unknown,195.0,49.0,Angela,Booker,12.886259040105195
81.0,"2570 Alvarado Terrace
East Williamview, AZ 74644",189.0,46.0,unknown,unknown,12.877579015145153
27.0,"8799 Leslie Cove Apt. 867
Melissabury, TN 71172",189.0,46.0,unknown,unknown,12.877579015145153
54.0,"309 Brandi Curve
Cowanfort, TX 63215",181.0,42.0,Julie,Marshall,12.820121485913129
31.0,"996 Taylor Neck Suite 109
Cookton, KS 06287",182.0,42.0,David,Buckley,12.679628064243447
58.0,"3323 Kelly Track
Michaelmouth, VA 29766",180.0,41.0,John,Lee,12.65432098765432
86.0,"80214 Haley Field Suite 114
Bakermouth, MP 32462",191.0,46.0,unknown,unknown,12.609303473040761
30.0,"41736 Joseph Course
South Johnchester, ND 89937",187.0,44.0,Mark,Davis,12.582573136206353
27.0,"20493 Robert Creek Apt. 527
Lake Debbie, ND 00648",183.0,42.0,Thomas,Perry,12.541431514825762
70.0,"7729 Spears Corners
East Michael, HI 44468",196.0,48.0,Jimmy,Matthews,12.494793835901708
56.0,"252 Lisa Cliff Apt. 106
West Marietown, MP 36831",192.0,46.0,Erica,Bennett,12.47829861111111
82.0,"PSC 1385, Box 0878
APO AE 17057",195.0,47.0,Monica,Brooks,12.360289283366207
62.0,"710 Gonzalez Stream Apt. 100
West Matthewshire, NM 48427",193.0,46.0,Marco,Harris,12.34932481408897
28.0,"236 Riddle Alley
Rossland, MP 17636",191.0,45.0,unknown,unknown,12.33518818014857
46.0,"7774 Brooks Street
Lake Haleybury, RI 94093",189.0,44.0,unknown,unknown,12.317684275356234
49.0,"6528 Courtney Crest Suite 732
New Joel, KS 62544",183.0,41.0,Michael,Davis,12.242826002568005
92.0,"0693 Dustin Mountain Suite 609
Skinnerburgh, IL 57757",192.0,45.0,Angelica,Munoz,12.20703125
91.0,"7096 Brenda Falls
Gayborough, TN 39490",186.0,42.0,unknown,unknown,12.140131807145334
49.0,"PSC 8284, Box 8638
APO AA 16692",199.0,48.0,John,Howard,12.12090603772632
22.0,"61775 Holt Pike
North Thomasburgh, AZ 81356",187.0,42.0,Tonya,Vasquez,12.010637993651518
62.0,"71377 Shannon Rue Suite 037
Krystalborough, MN 70715",187.0,42.0,Katherine,Johnson,12.010637993651518
40.0,"0036 Kevin Loaf
Phillipberg, FM 21016",190.0,43.0,unknown,unknown,11.911357340720222
25.0,"2998 James Ferry Suite 583
Barrettton, WV 90633",184.0,40.0,Joshua,Jackson,11.814744801512287
80.0,unknown,195.0,44.0,Amanda,Smith,11.571334648257725
97.0,"2772 Marvin Parks
North William, VT 65433",186.0,40.0,Jesse,Morris,11.562030292519365
95.0,"PSC 5959, Box 3385
APO AA 84767",193.0,43.0,Gary,Young,11.543934065344036
62.0,"73929 Riddle Plain Suite 714
Port Bridgetmouth, PR 52541",191.0,42.0,Kelsey,Long,11.512842301472
51.0,"444 Berry Cove Apt. 619
West Jonathan, MH 60766",200.0,46.0,Jessica,Lin,11.5
35.0,"1207 Brittany Hills
Port Tyler, NH 68540",194.0,43.0,unknown,unknown,11.425231161653736
29.0,"32713 Wallace Walk Apt. 088
Thomasview, LA 35548",192.0,42.0,Douglas,Guerrero,11.393229166666668
39.0,"949 Curtis Overpass Suite 222
Ashleyside, MH 72671",191.0,41.0,unknown,unknown,11.23872700857981
20.0,"16754 Richard Vista Apt. 265
Potterbury, OK 41000",194.0,42.0,unknown,unknown,11.15952811138272
55.0,"378 Breanna Underpass Suite 810
Juanshire, GA 55146",199.0,44.0,Daniel,Hernandez,11.11083053458246
29.0,"2105 Rivera Isle
Lake Josephberg, OK 15872",199.0,44.0,Renee,Romero,11.11083053458246
62.0,"USS Lamb
FPO AA 83506",195.0,42.0,Rebecca,Long,11.045364891518739
57.0,"93270 Ward Overpass Apt. 162
Brentland, MS 71070",194.0,41.0,Jasmine,Robinson,10.893825061111702
71.0,"8089 William Mountain
New Jill, TX 53998",192.0,40.0,Valerie,Garcia,10.850694444444445
76.0,"21986 Martinez Bypass Apt. 127
North Douglasbury, NM 71369",197.0,42.0,Laura,Erickson,10.822231956504934
75.0,"8591 Kevin Springs Apt. 034
Cynthiachester, VI 58863",195.0,41.0,Felicia,Parker,10.782380013149245
42.0,"448 Ryan Courts
Lake Ryanton, AZ 66346",196.0,41.0,Dawn,Cardenas,10.672636401499377
62.0,unknown,200.0,41.0,Kimberly,Newman,10.25
32.0,"815 Soto Viaduct Apt. 406
East Crystal, IL 55555",198.0,40.0,Joan,Bennett,10.20304050607081
30.0,"98364 Lambert Courts Apt. 366
Figueroaborough, IN 26994",198.0,40.0,Kenneth,Lee,10.20304050607081
